facility_name,address,suburb,postcode,state,latitude,longitude,coord_source,duplicate_count,source_file,source_provenance,ewaste_match_flag,ewaste_match_text,ewaste_match_column,review_flag,dedupe_key,original_latitude,original_longitude,original_coord_source,maptiler_query,maptiler_place_name,maptiler_match_score,maptiler_feature_id
ASHFORD RURAL TRANSFER STATION,159 LIMESTONE ROAD,ASHFORD,2361,NSW,-29.325729806270473,151.0945361852646,maptiler_other,1,147594_01_1.csv,147594_01_1.csv,1,E-WASTE DROP-OFF FACILITY,facility_infrastructure_type,,ashford rural transfer station|2361,-29.32,151.1,postcode_fallback,"ASHFORD RURAL TRANSFER STATION, 159 LIMESTONE ROAD, ASHFORD, NSW, 2361, Australia","Ashford, New South Wales, Australia",11,municipality.133566
DOMAYNE FYSHWICK,80 COLLIE STREET,FYSHWICK,2609,ACT,-35.32884845069557,149.17984685940905,maptiler_address,1,147594_01_1.csv,147594_01_1.csv,1,E-WASTE DROP-OFF FACILITY,facility_infrastructure_type,,domayne fyshwick|2609,-35.3,149.19,postcode_fallback,"DOMAYNE FYSHWICK, 80 COLLIE STREET, FYSHWICK, ACT, 2609, Australia","Collie Street, Fyshwick, Canberra Central Australian Capital Territory 2609, Australia",25,address.11874069
BLAXLAND RESOURCE RECOVERY AND WASTE MANAGEMENT FA,28-30 ATTUNGA ROAD,BLAXLAND,2774,NSW,-33.73664743676722,150.60944864770636,maptiler_address,1,147594_01_1.csv,147594_01_1.csv,1,E-WASTE DROP-OFF FACILITY,facility_infrastructure_type,,blaxland resource recovery and waste management fa|2774,-33.74,150.61,postcode_fallback,"BLAXLAND RESOURCE RECOVERY AND WASTE MANAGEMENT FA, 28-30 ATTUNGA ROAD, BLAXLAND, NSW, 2774, Australia","Attunga Road, Blaxland, New South Wales 2774, Australia",25,address.2682801
OLD QUARRY ROAD WASTE MANAGEMENT FACILITY,LOT 422 OLD QUARRY ROAD,NORTHAM,6401,WA,-31.645766195024354,116.63596111799416,maptiler_address,1,147594_01_1.csv,147594_01_1.csv,1,E-WASTE DROP-OFF FACILITY,facility_infrastructure_type,,old quarry road waste management facility|6401,-31.54,116.61,postcode_fallback,"OLD QUARRY ROAD WASTE MANAGEMENT FACILITY, NORTHAM, WA, Australia","Old Quarry Road, Northam, Western Australia, Australia",17,address.796772
LONGFORD TRANSFER STATION AND TIP SHOP,291 MARLBOROUGH STREET,LONGFORD,7301,TAS,-41.621464267364985,147.1132491309445,maptiler_address,1,147594_01_1.csv,147594_01_1.csv,1,E-WASTE DROP-OFF FACILITY,facility_infrastructure_type,,longford transfer station and tip shop|7301,-41.62,146.99,postcode_fallback,"291 MARLBOROUGH STREET, LONGFORD, TAS, 7301, Australia","Marlborough Street, Longford, Tasmania, Australia",21,address.6464947
HARVEY NORMAN,41-49 WILLARONG ROAD,CARINGBAH,2229,NSW,-34.029515,151.12097600000004,maptiler_address,1,147594_01_1.csv,147594_01_1.csv,1,E-WASTE DROP-OFF FACILITY,facility_infrastructure_type,,harvey norman|2229,-34.04,151.12,postcode_fallback,"41-49 WILLARONG ROAD, CARINGBAH, NSW, 2229, Australia","41-49 Willarong Road, Caringbah, New South Wales 2229, Australia",41,address.5299996
OFFICEWORKS,240-260 HILLSBOROUGH ROAD,WARNERS BAY,2282,NSW,-32.964381,151.66124200000002,maptiler_address,1,147594_01_1.csv,147594_01_1.csv,1,E-WASTE DROP-OFF FACILITY,facility_infrastructure_type,,officeworks|2282,-32.99,151.64,postcode_fallback,"OFFICEWORKS, 240-260 HILLSBOROUGH ROAD, WARNERS BAY, NSW, 2282, Australia","240-260 Hillsborough Road, Warners Bay, Newcastle-Maitland New South Wales 2282, Australia",41,address.12552998
OFFICEWORKS,22 ORANGE GROVE ROAD,WARWICK FARM,2170,NSW,-33.90783884668855,150.91887280201104,maptiler_address,1,147594_01_1.csv,147594_01_1.csv,1,E-WASTE DROP-OFF FACILITY,facility_infrastructure_type,,officeworks|2170,-33.95,150.91,postcode_fallback,"OFFICEWORKS, 22 ORANGE GROVE ROAD, WARWICK FARM, NSW, 2170, Australia","Orange Grove Road, Warwick Farm, New South Wales 2170, Australia",25,address.8495461
AMERY REFUSE SITE,CNR DOWERIN/KALANNIE ROADS,MINNIVALE,6462,WA,-31.05620835819989,117.17790314848219,maptiler_other,1,147594_01_1.csv,147594_01_1.csv,1,E-WASTE DROP-OFF FACILITY,facility_infrastructure_type,,amery refuse site|6462,-31.27,117.23,postcode_fallback,"AMERY REFUSE SITE, MINNIVALE, WA, Australia","Minnivale, Western Australia, Australia",11,municipality.172223
OFFICEWORKS,105 CAMPBELL STREET,HOBART,7000,TAS,-42.877037613184406,147.32711512357628,maptiler_address,1,147594_01_1.csv,147594_01_1.csv,1,E-WASTE DROP-OFF FACILITY,facility_infrastructure_type,,officeworks|7000,-42.87,147.33,postcode_fallback,"OFFICEWORKS, 105 CAMPBELL STREET, HOBART, TAS, 7000, Australia","Campbell Street, Hobart, Tasmania 7000, Australia",29,address.2732597
OFFICEWORKS,423 SMOLLETT STREET,ALBURY,2640,NSW,-36.084258,146.92269199999998,maptiler_address,1,147594_01_1.csv,147594_01_1.csv,1,E-WASTE DROP-OFF FACILITY,facility_infrastructure_type,,officeworks|2640,-36.08,146.91,postcode_fallback,"OFFICEWORKS, 423 SMOLLETT STREET, ALBURY, NSW, 2640, Australia","423 Smollett Street, Albury, New South Wales 2640, Australia",41,address.12870919
OFFICEWORKS,1 WHYALLA STREET,FYSHWICK,2609,ACT,-35.334358,149.17163800000003,maptiler_address,1,147594_01_1.csv,147594_01_1.csv,1,E-WASTE DROP-OFF FACILITY,facility_infrastructure_type,,officeworks|2609,-35.3,149.19,postcode_fallback,"OFFICEWORKS, 1 WHYALLA STREET, FYSHWICK, ACT, 2609, Australia","1 Whyalla Street, Fyshwick, Canberra Central Australian Capital Territory 2609, Australia",41,address.4046238
PORTSMITH TRANSFER STATION,37-51 LYONS STREET,PORTSMITH,4870,QLD,-16.946734,145.76048400000002,maptiler_address,1,147594_01_1.csv,147594_01_1.csv,1,E-WASTE DROP-OFF FACILITY,facility_infrastructure_type,,portsmith transfer station|4870,-16.88,145.75,postcode_fallback,"37-51 LYONS STREET, PORTSMITH, QLD, 4870, Australia","37-51 Lyons Street, Portsmith, Queensland 4870, Australia",41,address.12577469
IGEAR,28 RAILWAY TERRACE,ALICE SPRINGS,0870,NT,-23.69803108948012,133.8788613313768,maptiler_address,1,147594_01_1.csv,147594_01_1.csv,1,E-WASTE DROP-OFF FACILITY,facility_infrastructure_type,,igear|0870,-12.44,130.84,postcode_fallback,"IGEAR, 28 RAILWAY TERRACE, ALICE SPRINGS, NT, 0870, Australia","Railway Terrace, Alice Springs, Northern Territory 0870, Australia",25,address.2844884
KARRATHA 7 MILE WASTE FACILITY,LOT 553 PINDAN ROAD,GAP RIDGE,6714,WA,-20.765167637171295,116.76839348090346,maptiler_address,1,147594_01_1.csv,147594_01_1.csv,1,E-WASTE DROP-OFF FACILITY,facility_infrastructure_type,,karratha 7 mile waste facility|6714,-20.66,117.09,postcode_fallback,"LOT 553 PINDAN ROAD, GAP RIDGE, WA, 6714, Australia","Pindan Road, Gap Ridge, Western Australia, Australia",17,address.11335820
ADVANCED RECYCLING TECHNOLOGIES,13 CHRYSLER ROAD,LONSDALE,5160,SA,-35.097387249251454,138.4882632273334,maptiler_address,1,147594_01_1.csv,147594_01_1.csv,1,E-WASTE RECYCLING FACILITY,facility_infrastructure_type,,advanced recycling technologies|5160,-35.1,138.5,postcode_fallback,"ADVANCED RECYCLING TECHNOLOGIES, 13 CHRYSLER ROAD, LONSDALE, SA, 5160, Australia","Chrysler Road, Lonsdale, South Australia 5160, Australia",25,address.4968813
KIMBRIKI RESOURCE RECOVERY CENTRE,KIMBRIKI ROAD,INGLESIDE,2101,NSW,-33.69141577725334,151.23687399194887,maptiler_address,1,147594_01_1.csv,147594_01_1.csv,1,E-WASTE DROP-OFF FACILITY,facility_infrastructure_type,,kimbriki resource recovery centre|2101,-33.7,151.28,postcode_fallback,"KIMBRIKI RESOURCE RECOVERY CENTRE, KIMBRIKI ROAD, INGLESIDE, NSW, 2101, Australia","Kimbriki Road, Ingleside, New South Wales, Australia",33,address.4538090
HARVEY NORMAN,133 GARLING STREET,O'CONNOR,6163,WA,-32.062251350603255,115.77842719852924,maptiler_address,1,147594_01_1.csv,147594_01_1.csv,1,E-WASTE DROP-OFF FACILITY,facility_infrastructure_type,,harvey norman|6163,-32.09,115.84,postcode_fallback,"133 GARLING STREET, O'CONNOR, WA, 6163, Australia","Darling Street, White Gum Valley, Western Australia 6163, Australia",18,address.2077745
CANNONVALE TRANSFER STATION,CARLO DRIVE,CANNONVALE,4802,QLD,-20.285666974841735,148.67436042235624,maptiler_address,1,147594_01_1.csv,147594_01_1.csv,1,E-WASTE DROP-OFF FACILITY,facility_infrastructure_type,,cannonvale transfer station|4802,-20.27,148.72,postcode_fallback,"CARLO DRIVE, CANNONVALE, QLD, 4802, Australia","Carlo Drive, Cannonvale, Queensland 4802, Australia",41,address.3607640
OFFICEWORKS,22-26 THIRD AVENUE,BLACKTOWN,2148,NSW,-33.76559666672427,150.90910627481696,maptiler_address,1,147594_01_1.csv,147594_01_1.csv,1,E-WASTE DROP-OFF FACILITY,facility_infrastructure_type,,officeworks|2148,-33.79,150.87,postcode_fallback,"OFFICEWORKS, 22-26 THIRD AVENUE, BLACKTOWN, NSW, 2148, Australia","Third Avenue, Blacktown, New South Wales 2148, Australia",25,address.12385947
LAKES CREEK ROAD WASTE MANAGEMENT FACILITY,152 LAKES CREEK ROAD,THE COMMON,4701,QLD,-23.377781,150.53567599999997,maptiler_address,1,147594_01_1.csv,147594_01_1.csv,1,E-WASTE DROP-OFF FACILITY,facility_infrastructure_type,,lakes creek road waste management facility|4701,-23.36,150.52,postcode_fallback,"152 LAKES CREEK ROAD, THE COMMON, QLD, 4701, Australia","152 Lakes Creek Road, The Common, Queensland 4701, Australia",41,address.14530641
HARVEY NORMAN (WAREHOUSE),31 KAKARRA ROAD,WEST KALGOORLIE,6430,WA,-30.78340804795295,121.43411734579126,maptiler_address,1,147594_01_1.csv,147594_01_1.csv,1,E-WASTE DROP-OFF FACILITY,facility_infrastructure_type,,harvey norman warehouse|6430,-30.81,121.38,postcode_fallback,"31 KAKARRA ROAD, WEST KALGOORLIE, WA, 6430, Australia","Kakarra Road, West Kalgoorlie, Western Australia 6430, Australia",25,address.6394799
TAMMIN REFUSE FACILITY,HUNT ROAD,SOUTH TAMMIN,6409,WA,-31.655385040971222,117.49096293180048,maptiler_address,1,147594_01_1.csv,147594_01_1.csv,1,E-WASTE DROP-OFF FACILITY,facility_infrastructure_type,,tammin refuse facility|6409,-31.52,117.43,postcode_fallback,"TAMMIN REFUSE FACILITY, HUNT ROAD, SOUTH TAMMIN, WA, 6409, Australia","Hunt Road, South Tammin, Western Australia 6409, Australia",41,address.6998693
MORUYA TRANSFER STATION,21 YARRAGEE ROAD,MORUYA,2537,NSW,-35.90973058065534,150.04898235584847,maptiler_address,1,147594_01_1.csv,147594_01_1.csv,1,E-WASTE DROP-OFF FACILITY,facility_infrastructure_type,,moruya transfer station|2537,-35.98,150.11,postcode_fallback,"MORUYA TRANSFER STATION, 21 YARRAGEE ROAD, MORUYA, NSW, 2537, Australia","Yarragee Road, Moruya, New South Wales, Australia",17,address.9878579
CERTIFIED DESTRUCTION SERVICES,120 KURRAJONG AVENUE,MOUNT DRUITT,2770,NSW,-33.764743821110926,150.80964844991797,maptiler_address,1,147594_01_1.csv,147594_01_1.csv,1,E-WASTE DROP-OFF FACILITY,facility_infrastructure_type,,certified destruction services|2770,-33.73,150.82,postcode_fallback,"CERTIFIED DESTRUCTION SERVICES, 120 KURRAJONG AVENUE, MOUNT DRUITT, NSW, 2770, Australia","Kurrajong Avenue, Mount Druitt, New South Wales 2770, Australia",25,address.2263629
HARVEY NORMAN,25-33 BARRIER STREET,FYSHWICK,2609,ACT,-35.32840824750703,149.17183980795448,maptiler_address,1,147594_01_1.csv,147594_01_1.csv,1,E-WASTE DROP-OFF FACILITY,facility_infrastructure_type,,harvey norman|2609,-35.3,149.19,postcode_fallback,"25-33 BARRIER STREET, FYSHWICK, ACT, 2609, Australia","Barrier Street, Fyshwick, Canberra Central Australian Capital Territory 2609, Australia",25,address.2758552
URALLA COMMUNITY RECYCLING CENTRE,TIP ROAD,URALLA,2358,NSW,-30.649784445254205,151.4811012563464,maptiler_address,1,147594_01_1.csv,147594_01_1.csv,1,E-WASTE DROP-OFF FACILITY,facility_infrastructure_type,,uralla community recycling centre|2358,-30.59,151.56,postcode_fallback,"URALLA COMMUNITY RECYCLING CENTRE, TIP ROAD, URALLA, NSW, 2358, Australia","Tip Road, Uralla, New South Wales 2358, Australia",41,address.3562146
ANGLICARE,ALLOTMENT 24 (FP 130716) RIDGEWAY ROAD,EDINBURGH NORTH,5113,SA,-34.706698986351796,138.65716645806765,maptiler_address,1,147594_01_1.csv,147594_01_1.csv,1,E-WASTE DROP-OFF FACILITY,facility_infrastructure_type,,anglicare|5113,-34.7,138.67,postcode_fallback,"ANGLICARE, ALLOTMENT 24 (FP 130716) RIDGEWAY ROAD, EDINBURGH NORTH, SA, 5113, Australia","Ridgeway Road, Edinburgh North, South Australia 5113, Australia",25,address.9924557
KURRAJONG RECYCLING,54 CHASTON STREET,WAGGA WAGGA,2650,NSW,-35.121144904876274,147.35026499163234,maptiler_address,1,147594_01_1.csv,147594_01_1.csv,1,E-WASTE DROP-OFF FACILITY,facility_infrastructure_type,,kurrajong recycling|2650,-35.16,147.51,postcode_fallback,"54 CHASTON STREET, WAGGA WAGGA, NSW, 2650, Australia","Chaston Street, Wagga Wagga, New South Wales 2650, Australia",25,address.3505368
OFFICEWORKS,UNIT 3 14 STOCKLAND DRIVE,KELSO,2795,NSW,-33.420825,149.602398,maptiler_address,1,147594_01_1.csv,147594_01_1.csv,1,E-WASTE DROP-OFF FACILITY,facility_infrastructure_type,,officeworks|2795,-33.91,149.33,postcode_fallback,"OFFICEWORKS, UNIT 3 14 STOCKLAND DRIVE, KELSO, NSW, 2795, Australia","14 Stockland Drive, Kelso, New South Wales 2795, Australia",25,address.8867714
HARVEY NORMAN DOMAYNE,SHOP 4 4-6 NIANGALA CLOSE,BELROSE,2085,NSW,-33.704226,151.21304799999996,maptiler_address,1,147594_01_1.csv,147594_01_1.csv,1,E-WASTE DROP-OFF FACILITY,facility_infrastructure_type,,harvey norman domayne|2085,-33.74,151.21,postcode_fallback,"HARVEY NORMAN DOMAYNE, SHOP 4 4-6 NIANGALA CLOSE, BELROSE, NSW, 2085, Australia","4-6 Niangala Close, Belrose, New South Wales 2085, Australia",25,address.4960389
ENDEAVOUR FOUNDATION,SHOP 4 95 DUCKWORTH STREET,GARBUTT,4814,QLD,-19.271583988378627,146.75990253017017,maptiler_address,1,147594_01_1.csv,147594_01_1.csv,1,E-WASTE DROP-OFF FACILITY,facility_infrastructure_type,,endeavour foundation|4814,-19.3,146.76,postcode_fallback,"ENDEAVOUR FOUNDATION, SHOP 4 95 DUCKWORTH STREET, GARBUTT, QLD, 4814, Australia","Duckworth Street, Garbutt, Queensland 4814, Australia",25,address.8357917
HARVEY NORMAN,331-335 MULGOA ROAD,JAMISONTOWN,2750,NSW,-33.77163243324937,150.66928912713956,maptiler_address,1,147594_01_1.csv,147594_01_1.csv,1,E-WASTE DROP-OFF FACILITY,facility_infrastructure_type,,harvey norman|2750,-33.74,150.65,postcode_fallback,"331-335 MULGOA ROAD, JAMISONTOWN, NSW, 2750, Australia","Mulgoa Road Offramp, Jamisontown, New South Wales 2750, Australia",25,address.12728744
ASPITECH,149 HOLBROOKS ROAD,UNDERDALE,5032,SA,-34.914418207559706,138.548910469176,maptiler_address,1,147594_01_1.csv,147594_01_1.csv,1,E-WASTE DROP-OFF FACILITY,facility_infrastructure_type,,aspitech|5032,-34.93,138.54,postcode_fallback,"ASPITECH, 149 HOLBROOKS ROAD, UNDERDALE, SA, 5032, Australia","Holbrooks Road, Underdale, South Australia 5032, Australia",25,address.15447605
NHULUNBUY LANDFILL,LOT 1422,NHULUNBUY,0880,NT,-12.188108309210605,136.7904281616211,maptiler_address,1,147594_01_1.csv,147594_01_1.csv,1,E-WASTE DROP-OFF FACILITY,facility_infrastructure_type,,nhulunbuy landfill|0880,-12.38,130.87,postcode_fallback,"LOT 1422, NHULUNBUY, NT, 0880, Australia","Nhulunbuy Christian College Road, Nhulunbuy, Northern Territory 0880, Australia",25,address.15616105
ADELAIDE WASTE AND RECYCLING CENTRE,181 MORPHETT ROAD,NORTH PLYMPTON,5037,SA,-34.95574810440229,138.54953113943338,maptiler_other,1,147594_01_1.csv,147594_01_1.csv,1,E-WASTE DROP-OFF FACILITY,facility_infrastructure_type,,adelaide waste and recycling centre|5037,-34.96,138.57,postcode_fallback,"181 MORPHETT ROAD, NORTH PLYMPTON, SA, 5037, Australia","North Plympton, South Australia, Australia",11,municipality.156575
HUMPTY DOO TRANSFER STATION,225 STRANGWAYS ROAD,HUMPTY DOO,0836,NT,-12.584125270953578,131.11474784040354,maptiler_address,1,147594_01_1.csv,147594_01_1.csv,1,E-WASTE DROP-OFF FACILITY,facility_infrastructure_type,,humpty doo transfer station|0836,-12.53,131.1,postcode_fallback,"225 STRANGWAYS ROAD, HUMPTY DOO, NT, 0836, Australia","Strangways Road, Humpty Doo, Northern Territory, Australia",17,address.7038786
BUNGENDORE RESOURCE RECOVERY FACILITY,210 TARAGO ROAD,BUNGENDORE,2621,NSW,-35.254737449445734,149.4387163594365,maptiler_other,1,147594_01_1.csv,147594_01_1.csv,1,E-WASTE DROP-OFF FACILITY,facility_infrastructure_type,,bungendore resource recovery facility|2621,-35.81,149.43,postcode_fallback,"210 TARAGO ROAD, BUNGENDORE, NSW, 2621, Australia","Bungendore, New South Wales, Australia",11,municipality.136230
WASTE MANAGEMENT FACILITY,51 STANLEY ROAD,WELLESLEY,6233,WA,-33.240316,115.75482,maptiler_address,1,147594_01_1.csv,147594_01_1.csv,1,E-WASTE DROP-OFF FACILITY,facility_infrastructure_type,,waste management facility|6233,-33.28,115.71,postcode_fallback,"WASTE MANAGEMENT FACILITY, 51 STANLEY ROAD, WELLESLEY, WA, 6233, Australia","51 Stanley Road, Wellesley, Western Australia 6233, Australia",41,address.6413533
HARVEY NORMAN,SHOP 7 94 BORELLA ROAD,EAST ALBURY,2640,NSW,-36.07584242644947,146.92787373288877,maptiler_address,1,147594_01_1.csv,147594_01_1.csv,1,E-WASTE DROP-OFF FACILITY,facility_infrastructure_type,,harvey norman|2640,-36.08,146.91,postcode_fallback,"SHOP 7 94 BORELLA ROAD, EAST ALBURY, NSW, 2640, Australia","Borella Road Offramp, East Albury, New South Wales 2640, Australia",25,address.5265460
HARVEY NORMAN,822-826 MARION ROAD,MARION,5043,SA,-34.976665525247356,138.5557638355765,maptiler_address,1,147594_01_1.csv,147594_01_1.csv,1,E-WASTE DROP-OFF FACILITY,facility_infrastructure_type,,harvey norman|5043,-34.99,138.56,postcode_fallback,"822-826 MARION ROAD, MARION, SA, 5043, Australia","Marion Road, South Plympton, South Australia 5038, Australia",17,address.14587711
THE GOOD GUYS,UNIT 5 112 MINJUNGBAL DRIVE,TWEED HEADS SOUTH,2486,NSW,-28.195668586796234,153.54212030975646,maptiler_address,1,147594_01_1.csv,147594_01_1.csv,1,E-WASTE DROP-OFF FACILITY,facility_infrastructure_type,,the good guys|2486,-28.21,153.54,postcode_fallback,"THE GOOD GUYS, UNIT 5 112 MINJUNGBAL DRIVE, TWEED HEADS SOUTH, NSW, 2486, Australia","Minjungbal Drive, Tweed Heads South, New South Wales 2486, Australia",25,address.12716293
SHRED-X SA,3/2 LAFITTE RD,DRY CREEK,5094,SA,-34.814806654190804,138.56705199927092,maptiler_other,1,147594_01_1.csv,147594_01_1.csv,1,E-WASTE DROP-OFF FACILITY,facility_infrastructure_type,,shred x sa|5094,-34.83,138.6,postcode_fallback,"SHRED-X SA, 3/2 LAFITTE RD, DRY CREEK, SA, 5094, Australia","Dry Creek, South Australia, Australia",11,municipality.146372
MRI E-CYCLE SOLUTIONS (AUST) PTY LTD,36 ORANGE GROVE ROAD,WARWICK FARM,2170,NSW,-33.90783884668855,150.91887280201104,maptiler_address,1,147594_01_1.csv,147594_01_1.csv,1,E-WASTE RECYCLING FACILITY,facility_infrastructure_type,,mri e cycle solutions aust pty ltd|2170,-33.95,150.91,postcode_fallback,"MRI E-CYCLE SOLUTIONS (AUST) PTY LTD, 36 ORANGE GROVE ROAD, WARWICK FARM, NSW, 2170, Australia","Orange Grove Road, Warwick Farm, New South Wales 2170, Australia",25,address.8495461
SHRED-X TAS,4-8 SUNMONT STREET,DERWENT PARK,7009,TAS,-42.829533871201555,147.30642240606426,maptiler_address,1,147594_01_1.csv,147594_01_1.csv,1,E-WASTE DROP-OFF FACILITY,facility_infrastructure_type,,shred x tas|7009,-42.84,147.29,postcode_fallback,"SHRED-X TAS, 4-8 SUNMONT STREET, DERWENT PARK, TAS, 7009, Australia","Sunmont Street, Derwent Park, Tasmania 7009, Australia",29,address.10722498
NORTHERN SYDNEY COMMUNITY RECYCLING CENTRE,8 WALTHAM STREET,ARTARMON,2064,NSW,-33.814865,151.1875,maptiler_address,1,147594_01_1.csv,147594_01_1.csv,1,E-WASTE DROP-OFF FACILITY,facility_infrastructure_type,,northern sydney community recycling centre|2064,-33.81,151.19,postcode_fallback,"NORTHERN SYDNEY COMMUNITY RECYCLING CENTRE, 8 WALTHAM STREET, ARTARMON, NSW, 2064, Australia","8 Waltham Street, Artarmon, New South Wales 2064, Australia",41,address.13527277
BI-RITE,42 CAMBRIDGE STREET,GULLIVER,4812,QLD,-19.285052587054317,146.7757317514554,maptiler_other,1,147594_01_1.csv,147594_01_1.csv,1,E-WASTE DROP-OFF FACILITY,facility_infrastructure_type,,bi rite|4812,-19.27,146.78,postcode_fallback,"BI-RITE, 42 CAMBRIDGE STREET, GULLIVER, QLD, 4812, Australia","Gulliver, Queensland, Australia",11,municipality.173385
OFFICEWORKS,UNIT 20 87 ARMADALE ROAD,JANDAKOT,6164,WA,-32.125064,115.87039300000004,maptiler_address,1,147594_01_1.csv,147594_01_1.csv,1,E-WASTE DROP-OFF FACILITY,facility_infrastructure_type,,officeworks|6164,-32.13,115.86,postcode_fallback,"OFFICEWORKS, UNIT 20 87 ARMADALE ROAD, JANDAKOT, WA, 6164, Australia","14/87 Armadale Road, Jandakot, Western Australia 6164, Australia",25,address.12188971
OFFICEWORKS,5 COHEN STREET,BELCONNEN,2617,ACT,-35.239708,149.05909399999996,maptiler_address,1,147594_01_1.csv,147594_01_1.csv,1,E-WASTE DROP-OFF FACILITY,facility_infrastructure_type,,officeworks|2617,-35.24,149.07,postcode_fallback,"OFFICEWORKS, 5 COHEN STREET, BELCONNEN, ACT, 2617, Australia","5 Cohen Street, Belconnen, Belconnen Australian Capital Territory 2617, Australia",41,address.1025590
SUEZ WETHERILL PARK RESOURCE RECOVERY CENTRE,20 DAVIS ROAD,WETHERILL PARK,2164,NSW,-33.83659285337168,150.90518141758866,maptiler_address,1,147594_01_1.csv,147594_01_1.csv,1,E-WASTE DROP-OFF FACILITY,facility_infrastructure_type,,suez wetherill park resource recovery centre|2164,-33.85,150.94,postcode_fallback,"20 DAVIS ROAD, WETHERILL PARK, NSW, 2164, Australia","Davis Road, Wetherill Park, New South Wales 2164, Australia",25,address.15295737
HARVEY NORMAN,4 FLORA CRESCENT,BATEMANS BAY,2536,NSW,-35.70923229195345,150.17819063884588,maptiler_address,1,147594_01_1.csv,147594_01_1.csv,1,E-WASTE DROP-OFF FACILITY,facility_infrastructure_type,,harvey norman|2536,-35.73,150.2,postcode_fallback,"4 FLORA CRESCENT, BATEMANS BAY, NSW, 2536, Australia","Flora Crescent, Batemans Bay, New South Wales 2536, Australia",25,address.1674355
WV TECHNOLOGIES,39 WHYALLA STREET,FYSHWICK,2609,ACT,-35.33387885649789,149.17436159793624,maptiler_address,1,147594_01_1.csv,147594_01_1.csv,1,E-WASTE RECYCLING FACILITY,facility_infrastructure_type,,wv technologies|2609,-35.3,149.19,postcode_fallback,"39 WHYALLA STREET, FYSHWICK, ACT, 2609, Australia","Whyalla Street, Fyshwick, Canberra Central Australian Capital Territory 2609, Australia",25,address.4046238
TUMBARUMBA TRANSFER STATION,SALEYARDS RD,TUMBARUMBA,2653,NSW,-35.77609918754945,148.00812927726565,maptiler_address,1,147594_01_1.csv,147594_01_1.csv,1,E-WASTE DROP-OFF FACILITY,facility_infrastructure_type,,tumbarumba transfer station|2653,-35.83,148.07,postcode_fallback,"TUMBARUMBA TRANSFER STATION, TUMBARUMBA, NSW, Australia","Tumbarumba Bike Playground, Tumbarumba, New South Wales 2653, Australia",25,address.3919482
STOTERS HILL WASTE FACILITY,QUARRY ROAD PIN GIN HILL,STOTERS HILL,4860,QLD,-17.540195722989026,145.971545510537,maptiler_address,1,147594_01_1.csv,147594_01_1.csv,1,E-WASTE DROP-OFF FACILITY,facility_infrastructure_type,,stoters hill waste facility|4860,-17.56,146.0,postcode_fallback,"STOTERS HILL WASTE FACILITY, QUARRY ROAD PIN GIN HILL, STOTERS HILL, QLD, 4860, Australia","Quarry Road, Stoters Hill, Queensland, Australia",17,address.9247175
HARVEY NORMAN,150 ANDERSON STREET,PORT HEDLAND,6721,WA,-20.34190671313458,118.64238804711533,maptiler_other,1,147594_01_1.csv,147594_01_1.csv,1,E-WASTE DROP-OFF FACILITY,facility_infrastructure_type,,harvey norman|6721,-20.79,118.6,postcode_fallback,"HARVEY NORMAN, 150 ANDERSON STREET, PORT HEDLAND, WA, 6721, Australia","Port Hedland, Western Australia, Australia",11,municipality.173234
OFFICEWORKS,44-52 CHARTERS TOWERS ROAD,HERMIT PARK,4812,QLD,-19.279383338053115,146.8002355139547,maptiler_address,1,147594_01_1.csv,147594_01_1.csv,1,E-WASTE DROP-OFF FACILITY,facility_infrastructure_type,,officeworks|4812,-19.27,146.78,postcode_fallback,"OFFICEWORKS, 44-52 CHARTERS TOWERS ROAD, HERMIT PARK, QLD, 4812, Australia","Charters Towers Road, Hermit Park, Queensland 4812, Australia",25,address.9229061
YARRI ROAD REFUSE FACILITY,33 YARRI ROAD,PARKESTON,6434,WA,-30.7072567657161,121.53991838657157,maptiler_other,1,147594_01_1.csv,147594_01_1.csv,1,E-WASTE DROP-OFF FACILITY,facility_infrastructure_type,,yarri road refuse facility|6434,-30.5,123.12,postcode_fallback,"YARRI ROAD REFUSE FACILITY, 33 YARRI ROAD, PARKESTON, WA, 6434, Australia","Parkeston, Western Australia, Australia",11,municipality.173152
SHOAL BAY WASTE MANAGEMENT FACILITY,SHOAL BAY ACCESS ROAD,HOLMES,0812,NT,-12.384800735115782,130.9268591569105,maptiler_other,1,147594_01_1.csv,147594_01_1.csv,1,E-WASTE DROP-OFF FACILITY,facility_infrastructure_type,,shoal bay waste management facility|0812,-12.4,130.91,postcode_fallback,"SHOAL BAY ACCESS ROAD, HOLMES, NT, 0812, Australia","Holmes, Northern Territory, Australia",11,municipality.172139
CAMPBELLTOWN WORKS DEPOT,6 NEWTON ROAD,CAMPBELLTOWN,5074,SA,-34.887683,138.67365500000005,maptiler_address,1,147594_01_1.csv,147594_01_1.csv,1,E-WASTE DROP-OFF FACILITY,facility_infrastructure_type,,campbelltown works depot|5074,-34.88,138.66,postcode_fallback,"CAMPBELLTOWN WORKS DEPOT, 6 NEWTON ROAD, CAMPBELLTOWN, SA, 5074, Australia","6 Newton Road, Campbelltown, South Australia 5074, Australia",41,address.559989
HARVEY NORMAN,157-161 KING STREET,WARRAWONG,2502,NSW,-34.496984,150.88991899999996,maptiler_address,1,147594_01_1.csv,147594_01_1.csv,1,E-WASTE DROP-OFF FACILITY,facility_infrastructure_type,,harvey norman|2502,-34.47,150.87,postcode_fallback,"HARVEY NORMAN, 157-161 KING STREET, WARRAWONG, NSW, 2502, Australia","157-161 King Street, Warrawong, New South Wales 2502, Australia",41,address.2933377
HARVEY NORMAN,7-9 GIBSON ROAD,NOOSAVILLE,4566,QLD,-26.40125727455847,153.05980802332488,maptiler_address,1,147594_01_1.csv,147594_01_1.csv,1,E-WASTE DROP-OFF FACILITY,facility_infrastructure_type,,harvey norman|4566,-26.4,153.06,postcode_fallback,"7-9 GIBSON ROAD, NOOSAVILLE, QLD, 4566, Australia","Gibson Road, Noosaville, Queensland 4566, Australia",25,address.12046800
URANA COMMUNITY RECYCLING CENTRE AND WASTE DISPOSA,BOREE CREEK RD,URANA,2645,NSW,-35.29609292794817,146.4928899215481,maptiler_address,1,147594_01_1.csv,147594_01_1.csv,1,E-WASTE DROP-OFF FACILITY,facility_infrastructure_type,,urana community recycling centre and waste disposa|2645,-35.13,146.13,postcode_fallback,"BOREE CREEK RD, URANA, NSW, 2645, Australia","Urana-Lockhart Road, Cullivel, New South Wales 2645, Australia",25,address.9389562
OFFICEWORKS,134-144 KENT STREET,ROCKHAMPTON CITY,4700,QLD,-23.383300516367544,150.51068869870255,maptiler_address,1,147594_01_1.csv,147594_01_1.csv,1,E-WASTE DROP-OFF FACILITY,facility_infrastructure_type,,officeworks|4700,-23.39,150.5,postcode_fallback,"OFFICEWORKS, 134-144 KENT STREET, ROCKHAMPTON CITY, QLD, 4700, Australia","Kent Street, Rockhampton City, Queensland 4700, Australia",25,address.4771695
OFFICEWORKS,14-26 EBLEY STREET,BONDI JUNCTION,2022,NSW,-33.892895,151.24591699999996,maptiler_address,1,147594_01_1.csv,147594_01_1.csv,1,E-WASTE DROP-OFF FACILITY,facility_infrastructure_type,,officeworks|2022,-33.89,151.25,postcode_fallback,"OFFICEWORKS, 14-26 EBLEY STREET, BONDI JUNCTION, NSW, 2022, Australia","14-26 Ebley Street, Bondi Junction, New South Wales 2022, Australia",41,address.2859609
OFFICEWORKS,621 NORTH EAST ROAD,GILLES PLAINS,5086,SA,-34.854177,138.66120899999999,maptiler_address,1,147594_01_1.csv,147594_01_1.csv,1,E-WASTE DROP-OFF FACILITY,facility_infrastructure_type,,officeworks|5086,-34.86,138.66,postcode_fallback,"OFFICEWORKS, 621 NORTH EAST ROAD, GILLES PLAINS, SA, 5086, Australia","621-623 North East Road, Gilles Plains, South Australia 5086, Australia",25,address.10910593
HARVEY NORMAN,103 BALO STREET,MOREE,2400,NSW,-29.465970026602694,149.84155374999318,maptiler_address,1,147594_01_1.csv,147594_01_1.csv,1,E-WASTE DROP-OFF FACILITY,facility_infrastructure_type,,harvey norman|2400,-29.32,149.81,postcode_fallback,"103 BALO STREET, MOREE, NSW, 2400, Australia","Balo Street, Moree, New South Wales 2400, Australia",25,address.14580629
GLADSTONE TRANSFER STATION,JOE JOSEPH DRIVE,WEST GLADSTONE,4680,QLD,-23.907003542938693,151.2381152248572,maptiler_address,1,147594_01_1.csv,147594_01_1.csv,1,E-WASTE DROP-OFF FACILITY,facility_infrastructure_type,,gladstone transfer station|4680,-23.86,151.27,postcode_fallback,"JOE JOSEPH DRIVE, WEST GLADSTONE, QLD, 4680, Australia","W-Line, Kirkwood, Queensland 4680, Australia",18,address.15609399
HARVEY NORMAN,86-94 WILLANDRA AVENUE,GRIFFITH,2680,NSW,-34.298568,146.04661599999997,maptiler_address,1,147594_01_1.csv,147594_01_1.csv,1,E-WASTE DROP-OFF FACILITY,facility_infrastructure_type,,harvey norman|2680,-34.26,146.1,postcode_fallback,"86-94 WILLANDRA AVENUE, GRIFFITH, NSW, 2680, Australia","86-94 Willandra Avenue, Griffith, New South Wales 2680, Australia",41,address.989463
HARVEY NORMAN,45-59 CHARLES STREET,LAUNCESTON,7250,TAS,-41.434494,147.13537700000006,maptiler_address,1,147594_01_1.csv,147594_01_1.csv,1,E-WASTE DROP-OFF FACILITY,facility_infrastructure_type,,harvey norman|7250,-41.46,147.08,postcode_fallback,"HARVEY NORMAN, 45-59 CHARLES STREET, LAUNCESTON, TAS, 7250, Australia","45-59 Charles Street, Launceston, Tasmania 7250, Australia",45,address.1796893
RAMINGINING WASTE FACILITY,,RAMINGINING,0822,NT,-12.337148301866065,134.92567787558073,maptiler_address,1,147594_01_1.csv,147594_01_1.csv,1,E-WASTE DROP-OFF FACILITY,facility_infrastructure_type,,ramingining waste facility|0822,-12.8,131.13,postcode_fallback,"RAMINGINING WASTE FACILITY, RAMINGINING, NT, 0822, Australia","Ramingining, Ramingining, Northern Territory 0822, Australia",25,address.9419845
THURSDAY ISLAND BOWLS CLUB,LOT 1 VICTORIA PARADE,THURSDAY ISLAND,4875,QLD,-10.584995126832599,142.21936721596626,maptiler_address,1,147594_01_1.csv,147594_01_1.csv,1,E-WASTE DROP-OFF FACILITY,facility_infrastructure_type,,thursday island bowls club|4875,-10.12,142.14,postcode_fallback,"THURSDAY ISLAND BOWLS CLUB, LOT 1 VICTORIA PARADE, THURSDAY ISLAND, QLD, 4875, Australia","Upper Victoria Parade, Thursday Island, Queensland 4875, Australia",25,address.2178390
GAPUWIYAK WASTE FACILITY,GAPUWIYAK ROAD,EAST ARNHEM,0822,NT,-12.605995458160704,135.80800626191626,maptiler_address,1,147594_01_1.csv,147594_01_1.csv,1,E-WASTE DROP-OFF FACILITY,facility_infrastructure_type,,gapuwiyak waste facility|0822,-12.8,131.13,postcode_fallback,"GAPUWIYAK WASTE FACILITY, GAPUWIYAK ROAD, EAST ARNHEM, NT, 0822, Australia","Gapuwiyak Road, East Arnhem, Northern Territory, Australia",33,address.15235975
OFFICEWORKS,2 STOCKDALE ROAD,O'CONNOR,6163,WA,-32.058389,115.79277300000001,maptiler_address,1,147594_01_1.csv,147594_01_1.csv,1,E-WASTE DROP-OFF FACILITY,facility_infrastructure_type,,officeworks|6163,-32.09,115.84,postcode_fallback,"OFFICEWORKS, 2 STOCKDALE ROAD, O'CONNOR, WA, 6163, Australia","2 Stockdale Road, O'connor, Western Australia 6163, Australia",41,address.14009687
CULCAIRN TRANSFER STATION,48 SCHNAARS ROAD,CULCAIRN,2660,NSW,-35.64629032612164,146.9725453811218,maptiler_address,1,147594_01_1.csv,147594_01_1.csv,1,E-WASTE DROP-OFF FACILITY,facility_infrastructure_type,,culcairn transfer station|2660,-35.67,147.0,postcode_fallback,"48 SCHNAARS ROAD, CULCAIRN, NSW, 2660, Australia","Schnaars Road, Culcairn, New South Wales, Australia",17,address.9983503
GERALDTON GREENOUGH CITY COUNCIL,61 LANDFILL LANE,NARNGULU,6532,WA,-28.80375863432965,114.66758598883098,maptiler_address,1,147594_01_1.csv,147594_01_1.csv,1,E-WASTE DROP-OFF FACILITY,facility_infrastructure_type,,geraldton greenough city council|6532,-27.95,114.61,postcode_fallback,"61 LANDFILL LANE, NARNGULU, WA, 6532, Australia","Landfill Lane, Narngulu, Western Australia, Australia",17,address.6449389
BLAND SHIRE COUNCIL WASTE DEPOT,161 RACECOURSE ROAD,WEST WYALONG,2671,NSW,-33.90660943269671,147.20591497552118,maptiler_address,1,147594_01_1.csv,147594_01_1.csv,1,E-WASTE DROP-OFF FACILITY,facility_infrastructure_type,,bland shire council waste depot|2671,-34.11,147.14,postcode_fallback,"BLAND SHIRE COUNCIL WASTE DEPOT, 161 RACECOURSE ROAD, WEST WYALONG, NSW, 2671, Australia","Racecourse Road, West Wyalong, New South Wales, Australia",17,address.12460865
HARVEY NORMAN,5 ORANGE GROVE ROAD,WARWICK FARM,2170,NSW,-33.90783884668855,150.91887280201104,maptiler_address,1,147594_01_1.csv,147594_01_1.csv,1,E-WASTE DROP-OFF FACILITY,facility_infrastructure_type,,harvey norman|2170,-33.95,150.91,postcode_fallback,"5 ORANGE GROVE ROAD, WARWICK FARM, NSW, 2170, Australia","Orange Grove Road, Warwick Farm, New South Wales 2170, Australia",25,address.8495461
SIMS E-RECYCLING,82 MARPLE AVENUE,VILLAWOOD,2163,NSW,-33.884129257099445,150.98241087258452,maptiler_address,1,147594_01_1.csv,147594_01_1.csv,1,E-WASTE RECYCLING FACILITY,facility_infrastructure_type,,sims e recycling|2163,-33.88,150.96,postcode_fallback,"82 MARPLE AVENUE, VILLAWOOD, NSW, 2163, Australia","Marple Avenue, Villawood, New South Wales 2163, Australia",25,address.11354680
THE GOOD GUYS,"TENANCY 3, 60 GLYNBURN ROAD",HECTORVILLE,5073,SA,-34.89443,138.65724999999998,maptiler_address,1,147594_01_1.csv,147594_01_1.csv,1,E-WASTE DROP-OFF FACILITY,facility_infrastructure_type,,the good guys|5073,-34.89,138.66,postcode_fallback,"THE GOOD GUYS, TENANCY 3, 60 GLYNBURN ROAD, HECTORVILLE, SA, 5073, Australia","60 Glynburn Road, Hectorville, South Australia 5073, Australia",25,address.1026916
SUEZ SPRING FARM RESOURCE RECOVERY PARK,20 BARROW ROAD,SPRING FARM,2570,NSW,-34.0742757145989,150.72227241953124,maptiler_address,1,147594_01_1.csv,147594_01_1.csv,1,E-WASTE DROP-OFF FACILITY,facility_infrastructure_type,,suez spring farm resource recovery park|2570,-34.08,150.54,postcode_fallback,"SUEZ SPRING FARM RESOURCE RECOVERY PARK, SPRING FARM, NSW, Australia","Spring Farm Drive, Spring Farm, New South Wales 2570, Australia",25,address.10408510
OFFICEWORKS,35 NORTHCOTT DRIVE,KOTARA,2289,NSW,-32.938468,151.71289000000002,maptiler_address,1,147594_01_1.csv,147594_01_1.csv,1,E-WASTE DROP-OFF FACILITY,facility_infrastructure_type,,officeworks|2289,-32.93,151.73,postcode_fallback,"OFFICEWORKS, 35 NORTHCOTT DRIVE, KOTARA, NSW, 2289, Australia","35 Northcott Drive, Kotara, Newcastle-Maitland New South Wales 2289, Australia",41,address.1031661
HARVEY NORMAN TOWNSVILLE,17 STOCK ROUTE WAY,GARBUTT,4814,QLD,-19.2784971384032,146.7574762666593,maptiler_address,1,147594_01_1.csv,147594_01_1.csv,1,E-WASTE DROP-OFF FACILITY,facility_infrastructure_type,,harvey norman townsville|4814,-19.3,146.76,postcode_fallback,"HARVEY NORMAN TOWNSVILLE, 17 STOCK ROUTE WAY, GARBUTT, QLD, 4814, Australia","Stock Route Way, Garbutt, Queensland 4814, Australia",25,address.13139386
SUEZ AUBURN TRANSFER STATION,OLD HILL LINK,SYDNEY OLYMPIC PARK,2141,NSW,-33.84468385560046,151.05874717427014,maptiler_address,1,147594_01_1.csv,147594_01_1.csv,1,E-WASTE DROP-OFF FACILITY,facility_infrastructure_type,,suez auburn transfer station|2141,-33.87,151.03,postcode_fallback,"SUEZ AUBURN TRANSFER STATION, OLD HILL LINK, SYDNEY OLYMPIC PARK, NSW, 2141, Australia","Old Hill Link, Sydney Olympic Park, New South Wales 2141, Australia",41,address.10250957
OFFICEWORKS,1 HAIGH AVENUE,NOWRA,2541,NSW,-34.876972,150.603522,maptiler_address,1,147594_01_1.csv,147594_01_1.csv,1,E-WASTE DROP-OFF FACILITY,facility_infrastructure_type,,officeworks|2541,-34.84,150.57,postcode_fallback,"OFFICEWORKS, 1 HAIGH AVENUE, NOWRA, NSW, 2541, Australia","1 Haigh Avenue, Nowra, New South Wales 2541, Australia",41,address.12855773
OFFICEWORKS,LOT 13 LAWRENCE HARGRAVE WAY,PARAFIELD,5106,SA,-34.79328566466078,138.6433610356679,maptiler_address,1,147594_01_1.csv,147594_01_1.csv,1,E-WASTE DROP-OFF FACILITY,facility_infrastructure_type,,officeworks|5106,-34.79,138.64,postcode_fallback,"OFFICEWORKS, LOT 13 LAWRENCE HARGRAVE WAY, PARAFIELD, SA, 5106, Australia","Lawrence Hargrave Way, Parafield, South Australia 5106, Australia",25,address.9340548
OFFICEWORKS,57 HANSON ROAD,GLADSTONE CENTRAL,4680,QLD,-23.842743533612843,151.24209802810822,maptiler_address,1,147594_01_1.csv,147594_01_1.csv,1,E-WASTE DROP-OFF FACILITY,facility_infrastructure_type,,officeworks|4680,-23.86,151.27,postcode_fallback,"OFFICEWORKS, 57 HANSON ROAD, GLADSTONE CENTRAL, QLD, 4680, Australia","Hanson Road, Gladstone Central, Queensland 4680, Australia",25,address.3032516
BARRETTA WASTE MANAGEMENT FACILITY,1922 CHANNEL HIGHWAY,BARRETTA,7054,TAS,-43.042282,147.263193,maptiler_address,1,147594_01_1.csv,147594_01_1.csv,1,E-WASTE DROP-OFF FACILITY,facility_infrastructure_type,,barretta waste management facility|7054,-43.05,147.26,postcode_fallback,"BARRETTA WASTE MANAGEMENT FACILITY, 1922 CHANNEL HIGHWAY, BARRETTA, TAS, 7054, Australia","1922 Channel Highway, Barretta, Tasmania 7054, Australia",45,address.12053106
OFFICEWORKS,800 PITTWATER ROAD,DEE WHY,2099,NSW,-33.758526,151.28172799999993,maptiler_address,1,147594_01_1.csv,147594_01_1.csv,1,E-WASTE DROP-OFF FACILITY,facility_infrastructure_type,,officeworks|2099,-33.74,151.28,postcode_fallback,"OFFICEWORKS, 800 PITTWATER ROAD, DEE WHY, NSW, 2099, Australia","800 Pittwater Road, Dee Why, New South Wales 2099, Australia",41,address.1167207
BURNSIDE COUNCIL DEPOT,528 GLYNBURN ROAD,BURNSIDE,5066,SA,-34.93994777284859,138.66665583103895,maptiler_other,1,147594_01_1.csv,147594_01_1.csv,1,E-WASTE DROP-OFF FACILITY,facility_infrastructure_type,,burnside council depot|5066,-34.95,138.66,postcode_fallback,"BURNSIDE COUNCIL DEPOT, 528 GLYNBURN ROAD, BURNSIDE, SA, 5066, Australia","Burnside, South Australia, Australia",11,municipality.156700
HARVEY NORMAN,760 MAIN NORTH ROAD,GEPPS CROSS,5094,SA,-34.75772208491708,138.66104259883684,maptiler_address,1,147594_01_1.csv,147594_01_1.csv,1,E-WASTE DROP-OFF FACILITY,facility_infrastructure_type,,harvey norman|5094,-34.83,138.6,postcode_fallback,"760 MAIN NORTH ROAD, GEPPS CROSS, SA, 5094, Australia","Main North Road, Salisbury Park, South Australia 5112, Australia",14,address.14829842
OFFICEWORKS,78 LINDSAY STREET,INVERMAY,7248,TAS,-41.430917,147.129868,maptiler_address,1,147594_01_1.csv,147594_01_1.csv,1,E-WASTE DROP-OFF FACILITY,facility_infrastructure_type,,officeworks|7248,-41.42,147.13,postcode_fallback,"OFFICEWORKS, 78 LINDSAY STREET, INVERMAY, TAS, 7248, Australia","78 Lindsay Street, Invermay, Tasmania 7248, Australia",45,address.3107703
HARVEY NORMAN,29 BREESE PARADE,FORSTER,2428,NSW,-32.200216,152.52392299999997,maptiler_address,1,147594_01_1.csv,147594_01_1.csv,1,E-WASTE DROP-OFF FACILITY,facility_infrastructure_type,,harvey norman|2428,-32.35,152.54,postcode_fallback,"HARVEY NORMAN, 29 BREESE PARADE, FORSTER, NSW, 2428, Australia","29 Breese Parade, Forster, New South Wales 2428, Australia",41,address.1629566
HARVEY NORMAN,43 MARINE TERRACE,SOUTH BURNIE,7320,TAS,-41.059224,145.90880000000004,maptiler_address,1,147594_01_1.csv,147594_01_1.csv,1,E-WASTE DROP-OFF FACILITY,facility_infrastructure_type,,harvey norman|7320,-41.07,145.89,postcode_fallback,"43 MARINE TERRACE, SOUTH BURNIE, TAS, 7320, Australia","43-46 Marine Terrace, South Burnie, Burnie Tasmania 7320, Australia",29,address.8391023
OFFICEWORKS,47-51 BARRENJOEY ROAD,MONA VALE,2103,NSW,-33.675638,151.30896899999993,maptiler_address,1,147594_01_1.csv,147594_01_1.csv,1,E-WASTE DROP-OFF FACILITY,facility_infrastructure_type,,officeworks|2103,-33.68,151.3,postcode_fallback,"OFFICEWORKS, 47-51 BARRENJOEY ROAD, MONA VALE, NSW, 2103, Australia","47-51 Pittwater Road, Mona Vale, New South Wales 2103, Australia",25,address.1167207
GEORGES RIVER COUNCIL WORKS DEPOT,100 ROBERTS AVENUE,MORTDALE,2223,NSW,-33.968762,151.061243,maptiler_address,1,147594_01_1.csv,147594_01_1.csv,1,E-WASTE DROP-OFF FACILITY,facility_infrastructure_type,,georges river council works depot|2223,-33.97,151.08,postcode_fallback,"GEORGES RIVER COUNCIL WORKS DEPOT, 100 ROBERTS AVENUE, MORTDALE, NSW, 2223, Australia","100 Roberts Avenue, Mortdale, New South Wales 2223, Australia",41,address.3263772
WHYTES GULLY WASTE AND RESOURCE RECOVERY PARK,133 REDDALLS ROAD,KEMBLA GRANGE,2526,NSW,-34.46177813575634,150.79769320441142,maptiler_address,1,147594_01_1.csv,147594_01_1.csv,1,E-WASTE DROP-OFF FACILITY,facility_infrastructure_type,,whytes gully waste and resource recovery park|2526,-34.38,150.78,postcode_fallback,"WHYTES GULLY WASTE AND RESOURCE RECOVERY PARK, 133 REDDALLS ROAD, KEMBLA GRANGE, NSW, 2526, Australia","Reddalls Road, Kembla Grange, New South Wales, Australia",17,address.14517445
NEWMAN LANDFILL,YATES ROAD,NEWMAN,6753,WA,-23.380478689362494,119.7220322769931,maptiler_address,1,147594_01_1.csv,147594_01_1.csv,1,E-WASTE DROP-OFF FACILITY,facility_infrastructure_type,,newman landfill|6753,-23.36,119.74,postcode_fallback,"YATES ROAD, NEWMAN, WA, 6753, Australia","Yates Road, Newman, Western Australia, Australia",33,address.347330
SHRED-X ACT,1 DAIRY ROAD,FYSHWICK,2609,ACT,-35.323109,149.16521799999998,maptiler_address,1,147594_01_1.csv,147594_01_1.csv,1,E-WASTE DROP-OFF FACILITY,facility_infrastructure_type,,shred x act|2609,-35.3,149.19,postcode_fallback,"SHRED-X ACT, 1 DAIRY ROAD, FYSHWICK, ACT, 2609, Australia","1 Dairy Road, Fyshwick, Canberra Central Australian Capital Territory 2609, Australia",41,address.8636703
SPREYTON TRANSFER STATION,21 BAY DRIVE,SPREYTON,7310,TAS,-41.21233016032996,146.34671980631254,maptiler_address,1,147594_01_1.csv,147594_01_1.csv,1,E-WASTE DROP-OFF FACILITY,facility_infrastructure_type,,spreyton transfer station|7310,-41.24,146.32,postcode_fallback,"21 BAY DRIVE, SPREYTON, TAS, 7310, Australia","Bay Drive, Spreyton, Devonport Tasmania 7310, Australia",29,address.10767087
KATOOMBA WASTE MANAGEMENT FACILITY,49-89 WOODLANDS ROAD,KATOOMBA,2780,NSW,-33.70326524895034,150.32041026772083,maptiler_address,1,147594_01_1.csv,147594_01_1.csv,1,E-WASTE DROP-OFF FACILITY,facility_infrastructure_type,,katoomba waste management facility|2780,-33.71,150.31,postcode_fallback,"KATOOMBA WASTE MANAGEMENT FACILITY, 49-89 WOODLANDS ROAD, KATOOMBA, NSW, 2780, Australia","Woodlands Road, Katoomba, New South Wales 2780, Australia",25,address.1277323
RADIO RENTALS,108 MAIN NORTH ROAD,PROSPECT,5082,SA,-34.719117514936194,135.85194098053466,maptiler_address,1,147594_01_1.csv,147594_01_1.csv,1,E-WASTE DROP-OFF FACILITY,facility_infrastructure_type,,radio rentals|5082,-34.9,138.59,postcode_fallback,"RADIO RENTALS, PROSPECT, SA, Australia","Prospect Road, Port Lincoln, South Australia 5606, Australia",17,address.9655654
ENVIRO CARE SUNDAY,240 SMART ROAD,ST AGNES,5097,SA,-34.83073454169528,138.71074631810188,maptiler_other,1,147594_01_1.csv,147594_01_1.csv,1,E-WASTE DROP-OFF FACILITY,facility_infrastructure_type,,enviro care sunday|5097,-34.82,138.7,postcode_fallback,"ENVIRO CARE SUNDAY, 240 SMART ROAD, ST AGNES, SA, 5097, Australia","St Agnes, South Australia, Australia",11,municipality.156783
THE GOOD GUYS,"TENANCY 46 GEPPS CROSS HOMEMAKER CENTRE, 750 - 778 MAIN NORTH ROAD,",GEPPS CROSS,5094,SA,-34.842385792986384,138.6044269055128,maptiler_other,1,147594_01_1.csv,147594_01_1.csv,1,E-WASTE DROP-OFF FACILITY,facility_infrastructure_type,,the good guys|5094,-34.83,138.6,postcode_fallback,"THE GOOD GUYS, TENANCY 46 GEPPS CROSS HOMEMAKER CENTRE, 750 - 778 MAIN NORTH ROAD,, GEPPS CROSS, SA, 5094, Australia","Gepps Cross, South Australia, Australia",11,municipality.156940
KNIGHTLINE COMPUTERS,109 FEDERAL STREET,NARROGIN,6312,WA,-32.9911744893982,117.01917863006202,maptiler_address,1,147594_01_1.csv,147594_01_1.csv,1,E-WASTE DROP-OFF FACILITY,facility_infrastructure_type,,knightline computers|6312,-32.95,117.36,postcode_fallback,"KNIGHTLINE COMPUTERS, NARROGIN, WA, Australia","Williams Narrogin Highway, Minigin, Western Australia 6312, Australia",29,address.15438792
BARGO WASTE MANAGEMENT CENTRE,1 ANTHONY ROAD,BARGO,2574,NSW,-34.27643653869181,150.59286888688803,maptiler_address,1,147594_01_1.csv,147594_01_1.csv,1,E-WASTE DROP-OFF FACILITY,facility_infrastructure_type,,bargo waste management centre|2574,-34.35,150.63,postcode_fallback,"1 ANTHONY ROAD, BARGO, NSW, 2574, Australia","Anthony Road, Bargo, New South Wales, Australia",17,address.8046661
TEMORA LANDFILL,TEAL STREET,TEMORA,2666,NSW,-34.42580538217885,147.55002218158006,maptiler_address,1,147594_01_1.csv,147594_01_1.csv,1,E-WASTE DROP-OFF FACILITY,facility_infrastructure_type,,temora landfill|2666,-34.46,147.68,postcode_fallback,"TEMORA LANDFILL, TEAL STREET, TEMORA, NSW, 2666, Australia","Teal Street, Temora, New South Wales, Australia",33,address.11893835
HARVEY NORMAN,34 DENNING ROAD,EAST BUNBURY,6230,WA,-33.34007,115.65167099999996,maptiler_address,1,147594_01_1.csv,147594_01_1.csv,1,E-WASTE DROP-OFF FACILITY,facility_infrastructure_type,,harvey norman|6230,-33.33,115.64,postcode_fallback,"HARVEY NORMAN, 34 DENNING ROAD, EAST BUNBURY, WA, 6230, Australia","34 Denning Road, East Bunbury, Western Australia 6230, Australia",41,address.14782203
SUEZ - KALGOORLIE SERVICE CENTRE,82 LEVIATHAN STREET,SOUTH BOULDER,6432,WA,-30.794134364305933,121.4948334077958,maptiler_address,1,147594_01_1.csv,147594_01_1.csv,1,E-WASTE DROP-OFF FACILITY,facility_infrastructure_type,,suez kalgoorlie service centre|6432,-30.78,121.49,postcode_fallback,"82 LEVIATHAN STREET, SOUTH BOULDER, WA, 6432, Australia","Leviathan Street, South Boulder, Western Australia 6432, Australia",25,address.13856534
BROOKS RADIO AND TV,1117 BOTANY ROAD,MASCOT,2020,NSW,-33.93293001448189,151.19304171953172,maptiler_address,1,147594_01_1.csv,147594_01_1.csv,1,E-WASTE DROP-OFF FACILITY,facility_infrastructure_type,,brooks radio and tv|2020,-33.93,151.19,postcode_fallback,"1117 BOTANY ROAD, MASCOT, NSW, 2020, Australia","Botany Rd, Mascot, New South Wales 2020, Australia",25,address.17990500
BURNIE WASTE MANAGEMENT AND RESOURCE RECOVERY CENT,289 MOOREVILLE ROAD,MOOREVILLE,7321,TAS,-41.43847424429005,145.5253618117814,maptiler_address,1,147594_01_1.csv,147594_01_1.csv,1,E-WASTE DROP-OFF FACILITY,facility_infrastructure_type,,burnie waste management and resource recovery cent|7321,-40.85,145.31,postcode_fallback,"289 MOOREVILLE ROAD, MOOREVILLE, TAS, 7321, Australia","Mount Road, Waratah, Tasmania 7321, Australia",22,address.12087561
BARHAM TRANSFER STATION,732 EAST BARHAM ROAD,BARHAM,2732,NSW,-35.64995831703501,144.18207761353938,maptiler_address,1,147594_01_1.csv,147594_01_1.csv,1,E-WASTE DROP-OFF FACILITY,facility_infrastructure_type,,barham transfer station|2732,-35.63,144.13,postcode_fallback,"BARHAM TRANSFER STATION, 732 EAST BARHAM ROAD, BARHAM, NSW, 2732, Australia","East Barham Road, Barham, New South Wales, Australia",17,address.1292818
STOTTS CREEK RECOVERY CENTRE,LEDDAYS CREEK ROAD,STOTTS CREEK,2487,NSW,-28.283830295481533,153.4970510739389,maptiler_address,1,147594_01_1.csv,147594_01_1.csv,1,E-WASTE DROP-OFF FACILITY,facility_infrastructure_type,,stotts creek recovery centre|2487,-28.3,153.57,postcode_fallback,"LEDDAYS CREEK ROAD, STOTTS CREEK, NSW, 2487, Australia","Leddays Creek Road, Tumbulgum, New South Wales, Australia",26,address.11355437
JUNEE WASTE LANDFILL FACILITY,KAHMOO LANE,JUNEE,2663,NSW,-34.87996802731135,147.6110861524851,maptiler_address,1,147594_01_1.csv,147594_01_1.csv,1,E-WASTE DROP-OFF FACILITY,facility_infrastructure_type,,junee waste landfill facility|2663,-35.15,145.98,postcode_fallback,"KAHMOO LANE, JUNEE, NSW, 2663, Australia","Kahmoo Lane, Junee, New South Wales 2663, Australia",41,address.714388
GYMPIE WASTE MANAGEMENT FACILITY,LOT 542 BONNICK ROAD,GYMPIE,4570,QLD,-26.169019954716187,152.6528941713475,maptiler_address,1,147594_01_1.csv,147594_01_1.csv,1,E-WASTE DROP-OFF FACILITY,facility_infrastructure_type,,gympie waste management facility|4570,-26.35,152.67,postcode_fallback,"GYMPIE WASTE MANAGEMENT FACILITY, LOT 542 BONNICK ROAD, GYMPIE, QLD, 4570, Australia","Bonnick Road, Gympie, Queensland 4570, Australia",25,address.3769654
GILMORE RECOVERY CENTRE,6 KILLARNEY ROAD,GILMORE,2720,NSW,-35.32488846899983,148.18278014600367,maptiler_address,1,147594_01_1.csv,147594_01_1.csv,1,E-WASTE DROP-OFF FACILITY,facility_infrastructure_type,,gilmore recovery centre|2720,-35.32,148.45,postcode_fallback,"6 KILLARNEY ROAD, GILMORE, NSW, 2720, Australia","Killarney Road, Gilmore, New South Wales 2720, Australia",25,address.1028195
ST HELENS TRANSFER STATION,EAGLE STREET,ST HELENS,7216,TAS,-41.31875923153716,148.23072326167653,maptiler_address,1,147594_01_1.csv,147594_01_1.csv,1,E-WASTE DROP-OFF FACILITY,facility_infrastructure_type,,st helens transfer station|7216,-41.3,148.32,postcode_fallback,"ST HELENS TRANSFER STATION, EAGLE STREET, ST HELENS, TAS, 7216, Australia","Eagle Street, St Helens, Tasmania 7216, Australia",45,address.7382630
GRACEMERE WASTE TRANSFER STATION,74 ALLEN ROAD,GRACEMERE,4702,QLD,-23.46375777902032,150.47360841190152,maptiler_address,1,147594_01_1.csv,147594_01_1.csv,1,E-WASTE DROP-OFF FACILITY,facility_infrastructure_type,,gracemere waste transfer station|4702,-24.33,149.78,postcode_fallback,"74 ALLEN ROAD, GRACEMERE, QLD, 4702, Australia","Allen Road, Gracemere, Queensland, Australia",17,address.12875103
BUSSELTON TRANSFER STATION,39 RENDEZVOUS ROAD,VASSE,6280,WA,-33.680042,115.32191499999999,maptiler_address,1,147594_01_1.csv,147594_01_1.csv,1,E-WASTE DROP-OFF FACILITY,facility_infrastructure_type,,busselton transfer station|6280,-33.68,115.46,postcode_fallback,"BUSSELTON TRANSFER STATION, 39 RENDEZVOUS ROAD, VASSE, WA, 6280, Australia","39 Rendezvous Road, Vasse, Western Australia 6280, Australia",41,address.7592861
HARVEY NORMAN (ERINA),10 KARALTA LANE,ERINA,2250,NSW,-33.437247844612756,151.38588581357317,maptiler_address,1,147594_01_1.csv,147594_01_1.csv,1,E-WASTE DROP-OFF FACILITY,facility_infrastructure_type,,harvey norman erina|2250,-33.11,151.14,postcode_fallback,"HARVEY NORMAN (ERINA), 10 KARALTA LANE, ERINA, NSW, 2250, Australia","Karalta Lane, Erina, New South Wales 2250, Australia",25,address.14031200
WASTEK PTY LTD,17 MEYER ROAD,LONSDALE,5160,SA,-35.0994182296218,138.49409339592899,maptiler_address,1,147594_01_1.csv,147594_01_1.csv,1,E-WASTE DROP-OFF FACILITY,facility_infrastructure_type,,wastek pty ltd|5160,-35.1,138.5,postcode_fallback,"WASTEK PTY LTD, 17 MEYER ROAD, LONSDALE, SA, 5160, Australia","Meyer Road, Lonsdale, South Australia 5160, Australia",25,address.11221792
HARVEY NORMAN,18 ROGERS DRIVE,KINGAROY,4610,QLD,-26.533615819093217,151.85167465915242,maptiler_address,1,147594_01_1.csv,147594_01_1.csv,1,E-WASTE DROP-OFF FACILITY,facility_infrastructure_type,,harvey norman|4610,-26.76,151.63,postcode_fallback,"18 ROGERS DRIVE, KINGAROY, QLD, 4610, Australia","Adermann Drive, Kingaroy, Queensland 4610, Australia",25,address.8411449
ALBURY WASTE MANAGEMENT CENTRE,565 MUDGE STREET,LAVINGTON,2641,NSW,-36.05056381512829,146.93839969034593,maptiler_address,1,147594_01_1.csv,147594_01_1.csv,1,E-WASTE DROP-OFF FACILITY,facility_infrastructure_type,,albury waste management centre|2641,-36.04,146.92,postcode_fallback,"ALBURY WASTE MANAGEMENT CENTRE, 565 MUDGE STREET, LAVINGTON, NSW, 2641, Australia","Main Street, Lavington, New South Wales 2641, Australia",25,address.15207798
OFFICEWORKS,702 WOODVILLE ROAD,OLD GUILDFORD,2161,NSW,-33.869788,150.98355500000002,maptiler_address,1,147594_01_1.csv,147594_01_1.csv,1,E-WASTE DROP-OFF FACILITY,facility_infrastructure_type,,officeworks|2161,-33.85,150.99,postcode_fallback,"OFFICEWORKS, 702 WOODVILLE ROAD, OLD GUILDFORD, NSW, 2161, Australia","702 Woodville Road, Old Guildford, New South Wales 2161, Australia",41,address.10213686
OFFICEWORKS,136 PARRY STREET,NEWCASTLE WEST,2302,NSW,-32.928134,151.76079600000003,maptiler_address,1,147594_01_1.csv,147594_01_1.csv,1,E-WASTE DROP-OFF FACILITY,facility_infrastructure_type,,officeworks|2302,-32.92,151.76,postcode_fallback,"OFFICEWORKS, 136 PARRY STREET, NEWCASTLE WEST, NSW, 2302, Australia","136 Parry Street, Newcastle West, Newcastle-Maitland New South Wales 2302, Australia",41,address.10113186
INVERELL WASTE DEPOT,55 BURTENSHAW ROAD,INVERELL,2360,NSW,-29.756351,151.13768600000003,maptiler_address,1,147594_01_1.csv,147594_01_1.csv,1,E-WASTE DROP-OFF FACILITY,facility_infrastructure_type,,inverell waste depot|2360,-29.84,151.04,postcode_fallback,"INVERELL WASTE DEPOT, 55 BURTENSHAW ROAD, INVERELL, NSW, 2360, Australia","55 Burtenshaw Road, Inverell, New South Wales 2360, Australia",41,address.1340383
THE GOOD GUYS,SHOP 7 265 PARRAMATTA ROAD,AUBURN,2144,NSW,-33.83755,151.02810499999998,maptiler_address,1,147594_01_1.csv,147594_01_1.csv,1,E-WASTE DROP-OFF FACILITY,facility_infrastructure_type,,the good guys|2144,-33.85,151.03,postcode_fallback,"THE GOOD GUYS, SHOP 7 265 PARRAMATTA ROAD, AUBURN, NSW, 2144, Australia","265 Parramatta Road, Auburn, New South Wales 2144, Australia",25,address.10957326
KUNUNURRA LANDFILL,OLD DARWIN ROAD,KUNUNURRA,6743,WA,-15.803983641114984,128.75187350998726,maptiler_address,1,147594_01_1.csv,147594_01_1.csv,1,E-WASTE DROP-OFF FACILITY,facility_infrastructure_type,,kununurra landfill|6743,-15.17,128.55,postcode_fallback,"KUNUNURRA LANDFILL, OLD DARWIN ROAD, KUNUNURRA, WA, 6743, Australia","Old Darwin Road, Kununurra, Western Australia, Australia",33,address.11204025
OFFICEWORKS,8-16 BRISBANE STREET,TAMWORTH,2340,NSW,-31.08656994251306,150.93449694016294,maptiler_address,1,147594_01_1.csv,147594_01_1.csv,1,E-WASTE DROP-OFF FACILITY,facility_infrastructure_type,,officeworks|2340,-30.96,150.83,postcode_fallback,"OFFICEWORKS, 8-16 BRISBANE STREET, TAMWORTH, NSW, 2340, Australia","Brisbane Street, East Tamworth, New South Wales 2340, Australia",25,address.4733110
HENDERSON WASTE RECOVERY PARK,920 ROCKINGHAM ROAD,WATTLEUP,6166,WA,-32.16235568137186,115.7856328395435,maptiler_address,1,147594_01_1.csv,147594_01_1.csv,1,E-WASTE DROP-OFF FACILITY,facility_infrastructure_type,,henderson waste recovery park|6166,-32.12,115.77,postcode_fallback,"920 ROCKINGHAM ROAD, WATTLEUP, WA, 6166, Australia","Rockingham Road, Henderson, Western Australia 6166, Australia",18,address.5569593
MOUNT ISA REFUSE FACILITY,JESSOP DRIVE,MOUNT ISA,4825,QLD,-20.701635026823023,139.51199266448464,maptiler_address,1,147594_01_1.csv,147594_01_1.csv,1,E-WASTE DROP-OFF FACILITY,facility_infrastructure_type,,mount isa refuse facility|4825,-21.16,149.1,postcode_fallback,"MOUNT ISA REFUSE FACILITY, JESSOP DRIVE, MOUNT ISA, QLD, 4825, Australia","Jessop Drive, Mount Isa, Queensland, Australia",33,address.4160496
EUMUNDI ROAD LANDFILL,561 EUMUNDI NOOSA ROAD,DOONAN,4562,QLD,-26.47886425237681,152.9505457522971,maptiler_address,1,147594_01_1.csv,147594_01_1.csv,1,E-WASTE DROP-OFF FACILITY,facility_infrastructure_type,,eumundi road landfill|4562,-26.48,152.8,postcode_fallback,"EUMUNDI ROAD LANDFILL, 561 EUMUNDI NOOSA ROAD, DOONAN, QLD, 4562, Australia","Crescent Road, Eumundi, Queensland 4562, Australia",18,address.6920272
OFFICEWORKS TRINITY GARDENS,210-212 PORTRUSH RD,TRINITY GARDENS,5068,SA,-34.913562,138.64108499999998,maptiler_address,1,147594_01_1.csv,147594_01_1.csv,1,E-WASTE DROP-OFF FACILITY,facility_infrastructure_type,,officeworks trinity gardens|5068,-34.93,138.65,postcode_fallback,"OFFICEWORKS TRINITY GARDENS, 210-212 PORTRUSH RD, TRINITY GARDENS, SA, 5068, Australia","210-212 Portrush Road, Trinity Gardens, South Australia 5068, Australia",25,address.3819666
MILLAR ROAD LANDFILL FACILITY,218 MILLAR ROAD,BALDIVIS,6171,WA,-32.28423564517517,115.81428512705736,maptiler_address,1,147594_01_1.csv,147594_01_1.csv,1,E-WASTE DROP-OFF FACILITY,facility_infrastructure_type,,millar road landfill facility|6171,-32.33,115.82,postcode_fallback,"MILLAR ROAD LANDFILL FACILITY, 218 MILLAR ROAD, BALDIVIS, WA, 6171, Australia","Millar Road West, Wellard, Western Australia 6171, Australia",18,address.13410711
HARVEY NORMAN,9 MILL CLOSE,TAREE,2430,NSW,-31.900105858432607,152.45661508936269,maptiler_address,1,147594_01_1.csv,147594_01_1.csv,1,E-WASTE DROP-OFF FACILITY,facility_infrastructure_type,,harvey norman|2430,-32.07,152.54,postcode_fallback,"HARVEY NORMAN, 9 MILL CLOSE, TAREE, NSW, 2430, Australia","Mill Close, Taree, New South Wales 2430, Australia",25,address.11663447
HARVEY NORMAN (DARWIN),644 STUART HIGHWAY,BERRIMAH,0828,NT,-12.43206,130.91762800000004,maptiler_address,1,147594_01_1.csv,147594_01_1.csv,1,E-WASTE DROP-OFF FACILITY,facility_infrastructure_type,,harvey norman darwin|0828,-12.47,130.91,postcode_fallback,"HARVEY NORMAN (DARWIN), 644 STUART HIGHWAY, BERRIMAH, NT, 0828, Australia","644 Stuart Highway, Berrimah, Northern Territory 0828, Australia",41,address.4821793
HARVEY NORMAN,5 BROOKS GARDEN BOULEVARD,LANGE,6330,WA,-34.98827281566039,117.87771383298264,maptiler_address,1,147594_01_1.csv,147594_01_1.csv,1,E-WASTE DROP-OFF FACILITY,facility_infrastructure_type,,harvey norman|6330,-35.02,117.88,postcode_fallback,"5 BROOKS GARDEN BOULEVARD, LANGE, WA, 6330, Australia","Brooks Garden Boulevard, Lange, Western Australia 6330, Australia",25,address.8305504
HUME RESOURCE MANAGEMENT CENTRE,499 MUGGA LANE,JERRABOMBERRA,2600,ACT,-35.281950896329384,149.1303376648233,maptiler_address,1,147594_01_1.csv,147594_01_1.csv,1,E-WASTE DROP-OFF FACILITY,facility_infrastructure_type,,hume resource management centre|2600,-35.31,149.14,postcode_fallback,"499 MUGGA LANE, JERRABOMBERRA, ACT, 2600, Australia","Theatre Lane, City, Canberra Central Australian Capital Territory 2600, Australia",18,address.8361078
RADIO RENTALS,"WOODVILLE WAREHOUSE UNIT 2/BUILDING 21, CHARLES STURT INDUSTRIAL ESTATE",WOODVILLE,5011,SA,-34.87957818071663,138.53899206966162,maptiler_other,1,147594_01_1.csv,147594_01_1.csv,1,E-WASTE DROP-OFF FACILITY,facility_infrastructure_type,,radio rentals|5011,-34.88,138.54,postcode_fallback,"RADIO RENTALS, WOODVILLE WAREHOUSE UNIT 2/BUILDING 21, CHARLES STURT INDUSTRIAL ESTATE, WOODVILLE, SA, 5011, Australia","Woodville, South Australia, Australia",11,municipality.156396
BROOME WASTE MANAGEMENT FACILITY,LOT 400 BUCKLEYS ROAD,BILINGURR,6725,WA,-17.907160739770156,122.23533423461299,maptiler_address,1,147594_01_1.csv,147594_01_1.csv,1,E-WASTE DROP-OFF FACILITY,facility_infrastructure_type,,broome waste management facility|6725,-17.91,122.25,postcode_fallback,"BROOME WASTE MANAGEMENT FACILITY, LOT 400 BUCKLEYS ROAD, BILINGURR, WA, 6725, Australia","Buckleys Road, Bilingurr, Western Australia, Australia",17,address.13062774
LAUNCESTON WASTE CENTRE,REMOUNT ROAD,MOWBRAY,7248,TAS,-41.40496782414452,147.14771358164467,maptiler_address,1,147594_01_1.csv,147594_01_1.csv,1,E-WASTE DROP-OFF FACILITY,facility_infrastructure_type,,launceston waste centre|7248,-41.42,147.13,postcode_fallback,"LAUNCESTON WASTE CENTRE, REMOUNT ROAD, MOWBRAY, TAS, 7248, Australia","Remount Road, Mowbray, Tasmania 7248, Australia",45,address.3030070
GUNDAGAI WASTE TRANSFER STATION,BURRA RD,RENO,2722,NSW,-35.02418906288301,148.02820801734924,maptiler_other,1,147594_01_1.csv,147594_01_1.csv,1,E-WASTE DROP-OFF FACILITY,facility_infrastructure_type,,gundagai waste transfer station|2722,-34.82,148.08,postcode_fallback,"GUNDAGAI WASTE TRANSFER STATION, BURRA RD, RENO, NSW, 2722, Australia","Reno, New South Wales, Australia",11,municipality.132637
RYDE RESOURCE RECOVERY CENTRE,145 WICKS ROAD,MACQUARIE PARK,2113,NSW,-33.786069,151.138103,maptiler_address,1,147594_01_1.csv,147594_01_1.csv,1,E-WASTE DROP-OFF FACILITY,facility_infrastructure_type,,ryde resource recovery centre|2113,-33.8,151.13,postcode_fallback,"RYDE RESOURCE RECOVERY CENTRE, 145 WICKS ROAD, MACQUARIE PARK, NSW, 2113, Australia","145 Wicks Road, Macquarie Park, New South Wales 2113, Australia",41,address.11163658
HARVEY NORMAN,140 LAKE ROAD,PORT MACQUARIE,2444,NSW,-31.445605063593487,152.8963215769661,maptiler_address,1,147594_01_1.csv,147594_01_1.csv,1,E-WASTE DROP-OFF FACILITY,facility_infrastructure_type,,harvey norman|2444,-31.4,152.85,postcode_fallback,"HARVEY NORMAN, 140 LAKE ROAD, PORT MACQUARIE, NSW, 2444, Australia","Lake Road, Port Macquarie, New South Wales 2444, Australia",25,address.842171
COOTAMUNDRA WASTE TRANSFER STATION,35 TURNERS LANE,COOTAMUNDRA,2590,NSW,-34.6451276291599,148.0330684381645,maptiler_address,1,147594_01_1.csv,147594_01_1.csv,1,E-WASTE DROP-OFF FACILITY,facility_infrastructure_type,,cootamundra waste transfer station|2590,-34.76,147.85,postcode_fallback,"35 TURNERS LANE, COOTAMUNDRA, NSW, 2590, Australia","Jubilee Lane, Cootamundra, New South Wales 2590, Australia",25,address.3463651
DOMAYNE,16 DIGNITY CRESCENT,WEST GOSFORD,2250,NSW,-33.418591,151.32446400000003,maptiler_address,1,147594_01_1.csv,147594_01_1.csv,1,E-WASTE DROP-OFF FACILITY,facility_infrastructure_type,,domayne|2250,-33.11,151.14,postcode_fallback,"DOMAYNE, 16 DIGNITY CRESCENT, WEST GOSFORD, NSW, 2250, Australia","16 Dignity Crescent, West Gosford, New South Wales 2250, Australia",41,address.11004092
SHRED-X NSW,29 DAVIS ROAD,WETHERILL PARK,2164,NSW,-33.83659285337168,150.90518141758866,maptiler_address,1,147594_01_1.csv,147594_01_1.csv,1,E-WASTE RECYCLING FACILITY,facility_infrastructure_type,,shred x nsw|2164,-33.85,150.94,postcode_fallback,"SHRED-X NSW, 29 DAVIS ROAD, WETHERILL PARK, NSW, 2164, Australia","Davis Road, Wetherill Park, New South Wales 2164, Australia",25,address.15295737
HARVEY NORMAN,186-196 DRAPER STREET,PORTSMITH,4870,QLD,-16.952253269620638,145.77124853517637,maptiler_address,1,147594_01_1.csv,147594_01_1.csv,1,E-WASTE DROP-OFF FACILITY,facility_infrastructure_type,,harvey norman|4870,-16.88,145.75,postcode_fallback,"186-196 DRAPER STREET, PORTSMITH, QLD, 4870, Australia","Tingria Street, Portsmith, Queensland 4870, Australia",25,address.18749741
THE GOOD GUYS,957 SOUTH ROAD,MELROSE PARK,5039,SA,-34.98526546104106,138.57869748026133,maptiler_other,1,147594_01_1.csv,147594_01_1.csv,1,E-WASTE DROP-OFF FACILITY,facility_infrastructure_type,,the good guys|5039,-34.97,138.58,postcode_fallback,"THE GOOD GUYS, 957 SOUTH ROAD, MELROSE PARK, SA, 5039, Australia","Melrose Park, South Australia, Australia",11,municipality.154217
KELSEY CREEK LANDFILL,139 KELSEY CREEK ROAD,PROSERPINE,4800,QLD,-20.412999005622254,148.66852618855933,maptiler_address,1,147594_01_1.csv,147594_01_1.csv,1,E-WASTE DROP-OFF FACILITY,facility_infrastructure_type,,kelsey creek landfill|4800,-20.58,148.42,postcode_fallback,"139 KELSEY CREEK ROAD, PROSERPINE, QLD, 4800, Australia","Orchid Creek Road, Preston, Queensland 4800, Australia",18,address.2516778
SUEZ EASTERN CREEK TRANSFER STATION,WALLGROVE ROAD,EASTERN CREEK,2766,NSW,-33.81531799887171,150.8362518714083,maptiler_address,1,147594_01_1.csv,147594_01_1.csv,1,E-WASTE DROP-OFF FACILITY,facility_infrastructure_type,,suez eastern creek transfer station|2766,-33.8,150.85,postcode_fallback,"SUEZ EASTERN CREEK TRANSFER STATION, WALLGROVE ROAD, EASTERN CREEK, NSW, 2766, Australia","Old Wallgrove Road, Eastern Creek, New South Wales 2766, Australia",41,address.2540106
AWABA WASTE MANAGEMENT FACILITY,367 WILTON ROAD,AWABA,2283,NSW,-33.02010096082273,151.54807234954865,maptiler_address,1,147594_01_1.csv,147594_01_1.csv,1,E-WASTE DROP-OFF FACILITY,facility_infrastructure_type,,awaba waste management facility|2283,-33.06,151.58,postcode_fallback,"367 WILTON ROAD, AWABA, NSW, 2283, Australia","Wilton Road, Awaba, Newcastle-Maitland New South Wales, Australia",17,address.14544056
KATANNING SHIRE REFUSE SITE,KATANNING NYABING ROAD AND DEPOT ROAD,KATANNING,6317,WA,-33.63923189691751,117.86339266750338,maptiler_address,1,147594_01_1.csv,147594_01_1.csv,1,E-WASTE DROP-OFF FACILITY,facility_infrastructure_type,,katanning shire refuse site|6317,-33.63,117.9,postcode_fallback,"KATANNING SHIRE REFUSE SITE, KATANNING NYABING ROAD AND DEPOT ROAD, KATANNING, WA, 6317, Australia","Katanning - Nyabing Road, Coyrecup, Western Australia 6317, Australia",25,address.9348602
MOREE WASTE MANAGEMENT FACILITY,57 EVERGREEN ROAD,MOREE,2400,NSW,-29.461720195458323,149.84071511775255,maptiler_other,1,147594_01_1.csv,147594_01_1.csv,1,E-WASTE DROP-OFF FACILITY,facility_infrastructure_type,,moree waste management facility|2400,-29.32,149.81,postcode_fallback,"MOREE WASTE MANAGEMENT FACILITY, 57 EVERGREEN ROAD, MOREE, NSW, 2400, Australia","Moree, New South Wales, Australia",11,municipality.130805
OFFICEWORKS,96-98 TAREN POINT ROAD,TAREN POINT,2229,NSW,-34.019691,151.12240299999996,maptiler_address,1,147594_01_1.csv,147594_01_1.csv,1,E-WASTE DROP-OFF FACILITY,facility_infrastructure_type,,officeworks|2229,-34.04,151.12,postcode_fallback,"OFFICEWORKS, 96-98 TAREN POINT ROAD, TAREN POINT, NSW, 2229, Australia","96-98 Taren Point Road, Taren Point, New South Wales 2229, Australia",41,address.6604885
HARVEY NORMAN CITY CROSS,"SHOP 1, 31-33 RUNDLE MALL",ADELAIDE,5000,SA,-34.928495939210784,138.60074459275495,maptiler_other,1,147594_01_1.csv,147594_01_1.csv,1,E-WASTE DROP-OFF FACILITY,facility_infrastructure_type,,harvey norman city cross|5000,-34.93,138.6,postcode_fallback,"SHOP 1, 31-33 RUNDLE MALL, ADELAIDE, SA, 5000, Australia","Adelaide, South Australia, Australia",11,municipality.100953
EXETER TRANSFER STATION,16 BILOO STREET,EXETER,7275,TAS,-41.301593966268854,146.94975632148999,maptiler_address,1,147594_01_1.csv,147594_01_1.csv,1,E-WASTE DROP-OFF FACILITY,facility_infrastructure_type,,exeter transfer station|7275,-41.31,146.97,postcode_fallback,"EXETER TRANSFER STATION, 16 BILOO STREET, EXETER, TAS, 7275, Australia","Biloo Street, Exeter, Tasmania 7275, Australia",29,address.6503749
OFFICEWORKS PROSPECT,87-93 MAIN NORTH ROAD,NAILSWORTH,5083,SA,-34.88929,138.60353599999996,maptiler_address,1,147594_01_1.csv,147594_01_1.csv,1,E-WASTE DROP-OFF FACILITY,facility_infrastructure_type,,officeworks prospect|5083,-34.87,138.61,postcode_fallback,"OFFICEWORKS PROSPECT, 87-93 MAIN NORTH ROAD, NAILSWORTH, SA, 5083, Australia","87-93 Main North Road, Nailsworth, South Australia 5083, Australia",41,address.14829842
HARVEY NORMAN,LOT 2005 MAIN NORTH ROAD,SMITHFIELD,5114,SA,-34.75772208491708,138.66104259883684,maptiler_address,1,147594_01_1.csv,147594_01_1.csv,1,E-WASTE DROP-OFF FACILITY,facility_infrastructure_type,,harvey norman|5114,-34.67,138.67,postcode_fallback,"LOT 2005 MAIN NORTH ROAD, SMITHFIELD, SA, 5114, Australia","Main North Road, Salisbury Park, South Australia 5112, Australia",14,address.14829842
OFFICEWORKS,13-15 WATER STREET,CAIRNS CITY,4870,QLD,-16.920945128203478,145.76831297175113,maptiler_address,1,147594_01_1.csv,147594_01_1.csv,1,E-WASTE DROP-OFF FACILITY,facility_infrastructure_type,,officeworks|4870,-16.88,145.75,postcode_fallback,"OFFICEWORKS, 13-15 WATER STREET, CAIRNS CITY, QLD, 4870, Australia","Water Street, Cairns City, Queensland 4870, Australia",25,address.9951970
OFFICEWORKS,UNIT 3 51 ROBERTS ROAD,GREENACRE,2190,NSW,-33.899893,151.06637899999998,maptiler_address,1,147594_01_1.csv,147594_01_1.csv,1,E-WASTE DROP-OFF FACILITY,facility_infrastructure_type,,officeworks|2190,-33.89,151.06,postcode_fallback,"OFFICEWORKS, UNIT 3 51 ROBERTS ROAD, GREENACRE, NSW, 2190, Australia","51 Roberts Road, Greenacre, New South Wales 2190, Australia",25,address.7040777
VICTORIA ST WASTE MANAGEMENT FACILITY,VICTORIA STREET,YOUNG,2594,NSW,-34.321312268053255,148.3091016178746,maptiler_address,1,147594_01_1.csv,147594_01_1.csv,1,E-WASTE DROP-OFF FACILITY,facility_infrastructure_type,,victoria st waste management facility|2594,-34.43,148.07,postcode_fallback,"VICTORIA STREET, YOUNG, NSW, 2594, Australia","Victoria Street, Young, New South Wales, Australia",33,address.99225
KATHERINE WASTE MANAGEMENT FACILITY,LOT 5043 NOVIS QUARRY ROAD,COSSACK,0850,NT,-14.508970004308027,132.2379469311952,maptiler_address,1,147594_01_1.csv,147594_01_1.csv,1,E-WASTE DROP-OFF FACILITY,facility_infrastructure_type,,katherine waste management facility|0850,-14.46,132.26,postcode_fallback,"KATHERINE WASTE MANAGEMENT FACILITY, LOT 5043 NOVIS QUARRY ROAD, COSSACK, NT, 0850, Australia","Novis Quarry Road, Cossack, Northern Territory, Australia",17,address.10869350
OFFICEWORKS,108-114 GEORGE STREET,HORNSBY,2077,NSW,-33.700445,151.10021600000005,maptiler_address,1,147594_01_1.csv,147594_01_1.csv,1,E-WASTE DROP-OFF FACILITY,facility_infrastructure_type,,officeworks|2077,-33.69,151.11,postcode_fallback,"OFFICEWORKS, 108-114 GEORGE STREET, HORNSBY, NSW, 2077, Australia","108-114 Pacific Highway, Hornsby, New South Wales 2077, Australia",25,address.7292210
HARVEY NORMAN,SHOP 11 1 TURA BEACH DRIVE,TURA BEACH,2548,NSW,-36.86280558994976,149.92447346448898,maptiler_other,1,147594_01_1.csv,147594_01_1.csv,1,E-WASTE DROP-OFF FACILITY,facility_infrastructure_type,,harvey norman|2548,-36.88,149.92,postcode_fallback,"SHOP 11 1 TURA BEACH DRIVE, TURA BEACH, NSW, 2548, Australia","Tura Beach, New South Wales, Australia",11,municipality.132957
OFFICEWORKS ELIZABETH,1 PHILLIP HWY,ELIZABETH,5112,SA,-34.71760299014862,138.6681060770769,maptiler_address,1,147594_01_1.csv,147594_01_1.csv,1,E-WASTE DROP-OFF FACILITY,facility_infrastructure_type,,officeworks elizabeth|5112,-34.71,138.67,postcode_fallback,"OFFICEWORKS ELIZABETH, 1 PHILLIP HWY, ELIZABETH, SA, 5112, Australia","Elizabeth Way, Elizabeth, South Australia 5112, Australia",25,address.4222419
DAVIS ROAD RECYCLING AND WASTE MANAGEMENT FACILITY,DAVIS ROAD,FOREST GROVE,6286,WA,-34.03029645825316,115.14799491098609,maptiler_address,1,147594_01_1.csv,147594_01_1.csv,1,E-WASTE DROP-OFF FACILITY,facility_infrastructure_type,,davis road recycling and waste management facility|6286,-34.13,115.05,postcode_fallback,"DAVIS ROAD, FOREST GROVE, WA, 6286, Australia","Davis Road, Witchcliffe, Western Australia 6286, Australia",34,address.6270563
CAMPBELLTOWN CITY COUNCIL,172 MONTACUTE ROAD,ROSTREVOR,5073,SA,-34.888885,138.67724799999996,maptiler_address,1,147594_01_1.csv,147594_01_1.csv,1,E-WASTE DROP-OFF FACILITY,facility_infrastructure_type,,campbelltown city council|5073,-34.89,138.66,postcode_fallback,"CAMPBELLTOWN CITY COUNCIL, 172 MONTACUTE ROAD, ROSTREVOR, SA, 5073, Australia","172 Montacute Road, Rostrevor, South Australia 5073, Australia",41,address.13194996
RETRAVISION HARVEY,80 UDUC ROAD,HARVEY,6220,WA,-33.079461709788966,115.89985130354762,maptiler_address,1,147594_01_1.csv,147594_01_1.csv,1,E-WASTE DROP-OFF FACILITY,facility_infrastructure_type,,retravision harvey|6220,-33.0,115.89,postcode_fallback,"RETRAVISION HARVEY, 80 UDUC ROAD, HARVEY, WA, 6220, Australia","Harvey Street, Harvey, Western Australia 6220, Australia",25,address.7272962
MRI E-CYCLE SOLUTIONS (AUST) PTY LTD,UNIT 3 14 ALDERSON PLACE,HUME,2620,ACT,-35.40119787414677,149.1600805940659,maptiler_address,1,147594_01_1.csv,147594_01_1.csv,1,E-WASTE RECYCLING FACILITY,facility_infrastructure_type,,mri e cycle solutions aust pty ltd|2620,-35.58,149.23,postcode_fallback,"UNIT 3 14 ALDERSON PLACE, HUME, ACT, 2620, Australia","Alderson Place, Hume, Tuggeranong Australian Capital Territory 2620, Australia",25,address.7715767
BELROSE RESOURCE RECOVERY CENTRE,CROZIER ROAD,BELROSE,2085,NSW,-33.715840520469186,151.21465719837704,maptiler_address,1,147594_01_1.csv,147594_01_1.csv,1,E-WASTE DROP-OFF FACILITY,facility_infrastructure_type,,belrose resource recovery centre|2085,-33.74,151.21,postcode_fallback,"BELROSE RESOURCE RECOVERY CENTRE, CROZIER ROAD, BELROSE, NSW, 2085, Australia","Crozier Road, Belrose, New South Wales 2085, Australia",41,address.1036146
HARVEY NORMAN,853-867 PORT ROAD,WOODVILLE,5011,SA,-34.878348637178725,138.54131411406684,maptiler_address,1,147594_01_1.csv,147594_01_1.csv,1,E-WASTE DROP-OFF FACILITY,facility_infrastructure_type,,harvey norman|5011,-34.88,138.54,postcode_fallback,"HARVEY NORMAN, 853-867 PORT ROAD, WOODVILLE, SA, 5011, Australia","Harvey Street West, Woodville, South Australia 5011, Australia",25,address.5010076
BETTA ELECTRICAL,16 HILL STREET,EMU PARK,4710,QLD,-23.25721192043539,150.82640806648192,maptiler_address,1,147594_01_1.csv,147594_01_1.csv,1,E-WASTE DROP-OFF FACILITY,facility_infrastructure_type,,betta electrical|4710,-23.26,150.83,postcode_fallback,"BETTA ELECTRICAL, 16 HILL STREET, EMU PARK, QLD, 4710, Australia","Hill Street, Emu Park, Queensland 4710, Australia",25,address.11094210
COOLAMON COMMUNITY RECYCLING CENTRE,102 DYCES LANE,COOLAMON,2701,NSW,-34.7334092105843,147.2737383147853,maptiler_address,1,147594_01_1.csv,147594_01_1.csv,1,E-WASTE DROP-OFF FACILITY,facility_infrastructure_type,,coolamon community recycling centre|2701,-34.82,147.2,postcode_fallback,"COOLAMON COMMUNITY RECYCLING CENTRE, 102 DYCES LANE, COOLAMON, NSW, 2701, Australia","Bradshaws Lane, Berry Jerry, New South Wales 2701, Australia",18,address.10154927
TES-AMM NSW,1 MARPLE AVENUE,VILLAWOOD,2163,NSW,-33.884129257099445,150.98241087258452,maptiler_address,1,147594_01_1.csv,147594_01_1.csv,1,E-WASTE RECYCLING FACILITY,facility_infrastructure_type,,tes amm nsw|2163,-33.88,150.96,postcode_fallback,"TES-AMM NSW, 1 MARPLE AVENUE, VILLAWOOD, NSW, 2163, Australia","Marple Avenue, Villawood, New South Wales 2163, Australia",25,address.11354680
DARRENS RUBBISH REMOVAL,1 IRVINE STREET,TENNANT CREEK,0860,NT,-19.643539164786137,134.1870149933078,maptiler_address,1,147594_01_1.csv,147594_01_1.csv,1,E-WASTE DROP-OFF FACILITY,facility_infrastructure_type,,darrens rubbish removal|0860,-19.65,134.19,postcode_fallback,"DARRENS RUBBISH REMOVAL, 1 IRVINE STREET, TENNANT CREEK, NT, 0860, Australia","Irvine Street, Tennant Creek, Northern Territory 0860, Australia",29,address.12731671
MOSS VALE RESOURCE RECOVERY CENTRE,177 BERRIMA ROAD,MOSS VALE,2577,NSW,-34.5573202371852,150.3839357137149,maptiler_address,1,147594_01_1.csv,147594_01_1.csv,1,E-WASTE DROP-OFF FACILITY,facility_infrastructure_type,,moss vale resource recovery centre|2577,-34.61,150.48,postcode_fallback,"177 BERRIMA ROAD, MOSS VALE, NSW, 2577, Australia","Hill Road, Moss Vale, New South Wales 2577, Australia",25,address.5638817
OFFICEWORKS,1183-1187 THE HORSLEY DRIVE,WETHERILL PARK,2164,NSW,-33.850662,150.89696100000003,maptiler_address,1,147594_01_1.csv,147594_01_1.csv,1,E-WASTE DROP-OFF FACILITY,facility_infrastructure_type,,officeworks|2164,-33.85,150.94,postcode_fallback,"OFFICEWORKS, 1183-1187 THE HORSLEY DRIVE, WETHERILL PARK, NSW, 2164, Australia","1183-1187 The Horsley Drive, Wetherill Park, New South Wales 2164, Australia",41,address.4135294
OFFICEWORKS,UNIT 6 8 MAGENTA TERRACE,MANDURAH,6210,WA,-32.42492614755933,115.76364414682575,maptiler_address,1,147594_01_1.csv,147594_01_1.csv,1,E-WASTE DROP-OFF FACILITY,facility_infrastructure_type,,officeworks|6210,-32.55,115.75,postcode_fallback,"OFFICEWORKS, MANDURAH, WA, Australia","Mandurah Road, Golden Bay, Western Australia 6174, Australia",17,address.6731520
HARVEY NORMAN,SHOP 1 29-41 GREENWAY DRIVE,TWEED HEADS SOUTH,2486,NSW,-28.206228691744485,153.53610789212848,maptiler_address,1,147594_01_1.csv,147594_01_1.csv,1,E-WASTE DROP-OFF FACILITY,facility_infrastructure_type,,harvey norman|2486,-28.21,153.54,postcode_fallback,"SHOP 1 29-41 GREENWAY DRIVE, TWEED HEADS SOUTH, NSW, 2486, Australia","Greenway Drive, Tweed Heads South, New South Wales 2486, Australia",25,address.15758222
COLLINSVILLE TRANSFER STATION,155 SCOTTSVILLE ROAD,SCOTTVILLE,4804,QLD,-20.583747877881216,147.8182453058813,maptiler_other,1,147594_01_1.csv,147594_01_1.csv,1,E-WASTE DROP-OFF FACILITY,facility_infrastructure_type,,collinsville transfer station|4804,-20.55,147.85,postcode_fallback,"COLLINSVILLE TRANSFER STATION, 155 SCOTTSVILLE ROAD, SCOTTVILLE, QLD, 4804, Australia","Scottville, Queensland, Australia",11,municipality.173773
LAUNCESTON RECYCLING CENTRE,19 CAVALRY ROAD,MOWBRAY,7248,TAS,-41.41661082843829,147.1345746401979,maptiler_address,1,147594_01_1.csv,147594_01_1.csv,1,E-WASTE DROP-OFF FACILITY,facility_infrastructure_type,,launceston recycling centre|7248,-41.42,147.13,postcode_fallback,"LAUNCESTON RECYCLING CENTRE, 19 CAVALRY ROAD, MOWBRAY, TAS, 7248, Australia","Invermay Road, Invermay, Tasmania 7248, Australia",22,address.11996349
THE GOOD GUYS,152-158 TAREN POINT ROAD,CARINGBAH,2229,NSW,-34.024027,151.12163699999996,maptiler_address,1,147594_01_1.csv,147594_01_1.csv,1,E-WASTE DROP-OFF FACILITY,facility_infrastructure_type,,the good guys|2229,-34.04,151.12,postcode_fallback,"THE GOOD GUYS, 152-158 TAREN POINT ROAD, CARINGBAH, NSW, 2229, Australia","152-158 Taren Point Road, Caringbah, New South Wales 2229, Australia",41,address.6604885
OFFICEWORKS,66 DALTON DRIVE,MAROOCHYDORE,4558,QLD,-26.666069,153.08547599999997,maptiler_address,1,147594_01_1.csv,147594_01_1.csv,1,E-WASTE DROP-OFF FACILITY,facility_infrastructure_type,,officeworks|4558,-26.66,153.1,postcode_fallback,"OFFICEWORKS, 66 DALTON DRIVE, MAROOCHYDORE, QLD, 4558, Australia","66 Dalton Drive, Maroochydore, Queensland 4558, Australia",41,address.1080373
WYLIE BAY WASTE AND RECYCLING,WYLIE BAY ROAD,BANDY CREEK,6450,WA,-33.83013675383031,121.96180392227825,maptiler_address,1,147594_01_1.csv,147594_01_1.csv,1,E-WASTE DROP-OFF FACILITY,facility_infrastructure_type,,wylie bay waste and recycling|6450,-33.82,121.94,postcode_fallback,"WYLIE BAY ROAD, BANDY CREEK, WA, 6450, Australia","Wylie Bay Road, Bandy Creek, Western Australia 6450, Australia",41,address.4571162
GLEN OSMOND RECYCLING CENTRE,389 GLEN OSMOND ROAD,GLEN OSMOND,5064,SA,-34.961455,138.64285599999994,maptiler_address,1,147594_01_1.csv,147594_01_1.csv,1,E-WASTE DROP-OFF FACILITY,facility_infrastructure_type,,glen osmond recycling centre|5064,-34.96,138.64,postcode_fallback,"389 GLEN OSMOND ROAD, GLEN OSMOND, SA, 5064, Australia","389 Glen Osmond Road, Glen Osmond, South Australia 5064, Australia",41,address.7616776
OFFICEWORKS,250 MOLESWORTH STREET,LISMORE,2480,NSW,-28.808855567806113,153.27587575298492,maptiler_address,1,147594_01_1.csv,147594_01_1.csv,1,E-WASTE DROP-OFF FACILITY,facility_infrastructure_type,,officeworks|2480,-28.61,153.04,postcode_fallback,"OFFICEWORKS, 250 MOLESWORTH STREET, LISMORE, NSW, 2480, Australia","Molesworth Street, Lismore, New South Wales 2480, Australia",25,address.11583251
BOWEN LANDFILL,908 BOWEN DEVELOPMENT ROAD,BOWEN,4805,QLD,-27.448158760753238,153.0293034731535,maptiler_address,1,147594_01_1.csv,147594_01_1.csv,1,E-WASTE DROP-OFF FACILITY,facility_infrastructure_type,,bowen landfill|4805,-20.38,147.89,postcode_fallback,"BOWEN LANDFILL, BOWEN, QLD, Australia","Bowen Bridge Road, Bowen Hills, Queensland 4006, Australia",17,address.13199785
SOUTH HEDLAND LANDFILL,NORTH CIRCULAR ROAD,SOUTH HEDLAND,6722,WA,-20.395766917604416,118.59731788171462,maptiler_address,1,147594_01_1.csv,147594_01_1.csv,1,E-WASTE DROP-OFF FACILITY,facility_infrastructure_type,,south hedland landfill|6722,-20.4,118.57,postcode_fallback,"NORTH CIRCULAR ROAD, SOUTH HEDLAND, WA, 6722, Australia","North Circular Road, South Hedland, Western Australia 6722, Australia",41,address.12890056
EMERALD TRANSFER STATION,GLASSON STREET,EMERALD,4720,QLD,-23.522315767903937,148.14678763970733,maptiler_address,1,147594_01_1.csv,147594_01_1.csv,1,E-WASTE DROP-OFF FACILITY,facility_infrastructure_type,,emerald transfer station|4720,-23.53,148.16,postcode_fallback,"EMERALD TRANSFER STATION, GLASSON STREET, EMERALD, QLD, 4720, Australia","Glasson Street, Emerald, Queensland 4720, Australia",41,address.14102064
OFFICEWORKS,UNIT 1 85-91 O'RIORDAN STREET,ALEXANDRIA,2015,NSW,-33.9091566685343,151.19212802499533,maptiler_other,1,147594_01_1.csv,147594_01_1.csv,1,E-WASTE DROP-OFF FACILITY,facility_infrastructure_type,,officeworks|2015,-33.9,151.2,postcode_fallback,"OFFICEWORKS, UNIT 1 85-91 O'RIORDAN STREET, ALEXANDRIA, NSW, 2015, Australia","Alexandria, New South Wales, Australia",11,municipality.97205
HARVEY NORMAN,326 BOOROWA STREET,YOUNG,2594,NSW,-34.31305272337324,148.29634974752253,maptiler_address,1,147594_01_1.csv,147594_01_1.csv,1,E-WASTE DROP-OFF FACILITY,facility_infrastructure_type,,harvey norman|2594,-34.43,148.07,postcode_fallback,"326 BOOROWA STREET, YOUNG, NSW, 2594, Australia","Boorowa Street, Young, New South Wales 2594, Australia",25,address.15814870
DELORAINE WASTE DISPOSAL SITE,54 TIP ROAD,DELORAINE,7304,TAS,-41.39759174143029,146.58555935223922,maptiler_address,1,147594_01_1.csv,147594_01_1.csv,1,E-WASTE DROP-OFF FACILITY,facility_infrastructure_type,,deloraine waste disposal site|7304,-41.82,146.68,postcode_fallback,"54 TIP ROAD, DELORAINE, TAS, 7304, Australia","Avenue Road, Parkham, Tasmania 7304, Australia",22,address.13113667
HARVEY NORMAN (CITY CROSS WAREHOUSE),5-19 WILLIAM STREET,MILE END SOUTH,5031,SA,-34.933888455507244,138.5715196722383,maptiler_address,1,147594_01_1.csv,147594_01_1.csv,1,E-WASTE DROP-OFF FACILITY,facility_infrastructure_type,,harvey norman city cross warehouse|5031,-34.93,138.56,postcode_fallback,"5-19 WILLIAM STREET, MILE END SOUTH, SA, 5031, Australia","William Street, Mile End South, South Australia 5031, Australia",25,address.14895646
HARVEY NORMAN,161-177 MURRAY STREET,HOBART,7000,TAS,-42.880450279518065,147.32201428968312,maptiler_address,1,147594_01_1.csv,147594_01_1.csv,1,E-WASTE DROP-OFF FACILITY,facility_infrastructure_type,,harvey norman|7000,-42.87,147.33,postcode_fallback,"HARVEY NORMAN, 161-177 MURRAY STREET, HOBART, TAS, 7000, Australia","Murray Street, Hobart, Tasmania 7000, Australia",29,address.12811925
JACKSON STREET WASTE MANAGEMENT CENTRE,JACKSON STREET,GLENORCHY,7010,TAS,-42.84134651025215,147.25751214783622,maptiler_address,1,147594_01_1.csv,147594_01_1.csv,1,E-WASTE DROP-OFF FACILITY,facility_infrastructure_type,,jackson street waste management centre|7010,-42.82,147.3,postcode_fallback,"JACKSON STREET, GLENORCHY, TAS, 7010, Australia","Jackson Street, Glenorchy, Tasmania 7010, Australia",45,address.787467
HBB ELECTRICAL,37 ELDERSLIE STREET,WINTON,4735,QLD,-22.390066402294988,143.03805605591242,maptiler_address,1,147594_01_1.csv,147594_01_1.csv,1,E-WASTE DROP-OFF FACILITY,facility_infrastructure_type,,hbb electrical|4735,-23.76,141.14,postcode_fallback,"37 ELDERSLIE STREET, WINTON, QLD, 4735, Australia","Elderslie Street, Winton, Queensland 4735, Australia",25,address.6107767
OFFICEWORKS,1618 CANTERBURY ROAD,PUNCHBOWL,2196,NSW,-33.934742,151.03972799999997,maptiler_address,1,147594_01_1.csv,147594_01_1.csv,1,E-WASTE DROP-OFF FACILITY,facility_infrastructure_type,,officeworks|2196,-33.93,151.05,postcode_fallback,"OFFICEWORKS, 1618 CANTERBURY ROAD, PUNCHBOWL, NSW, 2196, Australia","1618 Canterbury Road, Punchbowl, New South Wales 2196, Australia",41,address.772546
OFFICEWORKS,UNIT 1 927-933 VICTORIA ROAD,WEST RYDE,2114,NSW,-33.814735866515754,151.08569528293003,maptiler_address,1,147594_01_1.csv,147594_01_1.csv,1,E-WASTE DROP-OFF FACILITY,facility_infrastructure_type,,officeworks|2114,-33.8,151.08,postcode_fallback,"OFFICEWORKS, WEST RYDE, NSW, Australia","Constitution Road West, West Ryde, New South Wales 2114, Australia",25,address.11387518
BEVERLEY WASTE MANAGEMENT CENTRE,2-6 TOOGOOD AVE,BEVERLEY,5009,SA,-34.898826225158174,138.5443497064283,maptiler_address,1,147594_01_1.csv,147594_01_1.csv,1,E-WASTE DROP-OFF FACILITY,facility_infrastructure_type,,beverley waste management centre|5009,-34.9,138.56,postcode_fallback,"2-6 TOOGOOD AVE, BEVERLEY, SA, 5009, Australia","Toogood Avenue, Beverley, South Australia 5009, Australia",25,address.1621548
THE GOOD GUYS,UNIT 17 19 STODDART ROAD,PROSPECT,2148,NSW,-33.80059,150.920029,maptiler_address,1,147594_01_1.csv,147594_01_1.csv,1,E-WASTE DROP-OFF FACILITY,facility_infrastructure_type,,the good guys|2148,-33.79,150.87,postcode_fallback,"THE GOOD GUYS, UNIT 17 19 STODDART ROAD, PROSPECT, NSW, 2148, Australia","19 Stoddart Road, Prospect, New South Wales 2148, Australia",25,address.13213009
HARVEY NORMAN,176-180 CONDAMINE STREET,BALGOWLAH,2093,NSW,-33.789061,151.26676399999997,maptiler_address,1,147594_01_1.csv,147594_01_1.csv,1,E-WASTE DROP-OFF FACILITY,facility_infrastructure_type,,harvey norman|2093,-33.79,151.26,postcode_fallback,"176-180 CONDAMINE STREET, BALGOWLAH, NSW, 2093, Australia","176-190 Condamine Street, Balgowlah, New South Wales 2093, Australia",25,address.5613011
OFFICEWORKS,163-181 NEW CANTERBURY ROAD,LEWISHAM,2049,NSW,-33.896622,151.14876700000002,maptiler_address,1,147594_01_1.csv,147594_01_1.csv,1,E-WASTE DROP-OFF FACILITY,facility_infrastructure_type,,officeworks|2049,-33.89,151.14,postcode_fallback,"OFFICEWORKS, 163-181 NEW CANTERBURY ROAD, LEWISHAM, NSW, 2049, Australia","163-181 New Canterbury Road, Lewisham, New South Wales 2049, Australia",41,address.4724614
LOCKHART SHIRE COUNCIL WASTE DEPOT,40 TIP ROAD,LOCKHART,2656,NSW,-35.226495086612545,146.68813419825278,maptiler_address,1,147594_01_1.csv,147594_01_1.csv,1,E-WASTE DROP-OFF FACILITY,facility_infrastructure_type,,lockhart shire council waste depot|2656,-35.12,147.0,postcode_fallback,"LOCKHART SHIRE COUNCIL WASTE DEPOT, 40 TIP ROAD, LOCKHART, NSW, 2656, Australia","Tip Road, Lockhart, New South Wales, Australia",17,address.1821757
HARVEY NORMAN,38 CHAPMAN ROAD,GERALDTON,6530,WA,-28.727296202593948,114.62079217575592,maptiler_address,1,147594_01_1.csv,147594_01_1.csv,1,E-WASTE DROP-OFF FACILITY,facility_infrastructure_type,,harvey norman|6530,-28.79,114.6,postcode_fallback,"38 CHAPMAN ROAD, GERALDTON, WA, 6530, Australia","Chapman Road, Bluff Point, Western Australia 6530, Australia",18,address.3645419
E-CYCLE RECOVERY,12-14 BAULDERSTONE ROAD,GEPPS CROSS,5094,SA,-34.84625720156576,138.58871210630218,maptiler_address,1,147594_01_1.csv,147594_01_1.csv,1,E-WASTE RECYCLING FACILITY,facility_infrastructure_type,,e cycle recovery|5094,-34.83,138.6,postcode_fallback,"E-CYCLE RECOVERY, 12-14 BAULDERSTONE ROAD, GEPPS CROSS, SA, 5094, Australia","Baulderstone Road, Gepps Cross, South Australia 5094, Australia",25,address.1654439
HARVEY NORMAN,125 PRINCE STREET,GRAFTON,2460,NSW,-29.68491530949615,152.93858765131824,maptiler_address,1,147594_01_1.csv,147594_01_1.csv,1,E-WASTE DROP-OFF FACILITY,facility_infrastructure_type,,harvey norman|2460,-29.05,152.59,postcode_fallback,"125 PRINCE STREET, GRAFTON, NSW, 2460, Australia","Prince Street, Grafton, New South Wales 2460, Australia",25,address.10657743
DELUNGRA LANDFILL,123 HAYWOOD ROAD,DELUNGRA,2403,NSW,-29.661145,150.81190500000002,maptiler_address,1,147594_01_1.csv,147594_01_1.csv,1,E-WASTE DROP-OFF FACILITY,facility_infrastructure_type,,delungra landfill|2403,-29.65,150.83,postcode_fallback,"123 HAYWOOD ROAD, DELUNGRA, NSW, 2403, Australia","123 Haywood Road, Delungra, New South Wales 2403, Australia",41,address.3051272
BROU LANDFILL FACILITY,BROU LAKE ROAD,BODALLA,2545,NSW,-36.14245391627064,150.11240615454471,maptiler_address,1,147594_01_1.csv,147594_01_1.csv,1,E-WASTE DROP-OFF FACILITY,facility_infrastructure_type,,brou landfill facility|2545,-36.15,149.71,postcode_fallback,"BROU LANDFILL FACILITY, BROU LAKE ROAD, BODALLA, NSW, 2545, Australia","Brou Lake Road, Bodalla, New South Wales, Australia",33,address.15353374
E-WASTE RECYCLING AUSTRALIA,45 NORTHERN LINK CIRCUIT,SHAW,4818,QLD,-19.276764153904697,146.69874230863536,maptiler_address,1,147594_01_1.csv,147594_01_1.csv,1,E-WASTE RECYCLING AUSTRALIA,facility_owner,,e waste recycling australia|4818,-19.2,146.66,postcode_fallback,"E-WASTE RECYCLING AUSTRALIA, 45 NORTHERN LINK CIRCUIT, SHAW, QLD, 4818, Australia","Northern Link Circuit, Shaw, Queensland 4818, Australia",25,address.6372402
HARVEY NORMAN,1 COLSON STREET,ALICE SPRINGS,0870,NT,-23.695726,133.877477,maptiler_address,1,147594_01_1.csv,147594_01_1.csv,1,E-WASTE DROP-OFF FACILITY,facility_infrastructure_type,,harvey norman|0870,-12.44,130.84,postcode_fallback,"HARVEY NORMAN, 1 COLSON STREET, ALICE SPRINGS, NT, 0870, Australia","1 Colson Street, Alice Springs, Northern Territory 0870, Australia",41,address.12213130
BETTA HOME LIVING,33 KATHERINE TERRACE,KATHERINE,0850,NT,-14.47276043737366,132.26919639855623,maptiler_other,1,147594_01_1.csv,147594_01_1.csv,1,E-WASTE DROP-OFF FACILITY,facility_infrastructure_type,,betta home living|0850,-14.46,132.26,postcode_fallback,"BETTA HOME LIVING, 33 KATHERINE TERRACE, KATHERINE, NT, 0850, Australia","Warlpiri Transient Camp, Katherine South, Australia",11,place.2912506
OFFICEWORKS,298 PARRAMATTA ROAD,AUBURN,2144,NSW,-33.85896769111542,151.02693324984216,maptiler_address,1,147594_01_1.csv,147594_01_1.csv,1,E-WASTE DROP-OFF FACILITY,facility_infrastructure_type,,officeworks|2144,-33.85,151.03,postcode_fallback,"OFFICEWORKS, 298 PARRAMATTA ROAD, AUBURN, NSW, 2144, Australia","Pine Road, Auburn, New South Wales 2144, Australia",25,address.12654647
SHRED-X VIC,30 PLUMMER ROAD,LAVERTON NORTH,3026,VIC,-37.818407,144.81370800000002,maptiler_address,2,147594_01_1.csv | Victoria's-waste-and-resource-recovery-infrastructure-map-data-October-2025.csv,147594_01_1.csv | Victoria's-waste-and-resource-recovery-infrastructure-map-data-October-2025.csv,1,E-WASTE RECYCLING FACILITY,facility_infrastructure_type,,shred x vic|3026,-37.818277,144.813629,dataset,"SHRED-X VIC, 30 PLUMMER ROAD, LAVERTON NORTH, VIC, 3026, Australia","30 Plummer Road, Laverton North, Victoria 3026, Australia",45,address.8636281
BODDINGTON REFUSE DISPOSAL SITE,LOT 71 ROBINS ROAD,BODDINGTON,6390,WA,-32.851881397260875,116.44686168608814,maptiler_address,1,147594_01_1.csv,147594_01_1.csv,1,E-WASTE DROP-OFF FACILITY,facility_infrastructure_type,,boddington refuse disposal site|6390,-32.67,116.52,postcode_fallback,"BODDINGTON REFUSE DISPOSAL SITE, LOT 71 ROBINS ROAD, BODDINGTON, WA, 6390, Australia","Robins Road, Marradong, Western Australia 6390, Australia",18,address.13195122
HARVEY NORMAN,180 AUBURN STREET,GOULBURN,2580,NSW,-34.75340097271109,149.71944108174898,maptiler_address,1,147594_01_1.csv,147594_01_1.csv,1,E-WASTE DROP-OFF FACILITY,facility_infrastructure_type,,harvey norman|2580,-34.44,149.96,postcode_fallback,"HARVEY NORMAN, 180 AUBURN STREET, GOULBURN, NSW, 2580, Australia","Auburn Street, Goulburn, New South Wales 2580, Australia",25,address.1140708
"Ecycle Solutions (Dandenong South, E-waste recycling)",398-418 Hammond Road,Dandenong South,3175,VIC,-38.031904,145.201905,maptiler_address,1,Victoria's-waste-and-resource-recovery-infrastructure-map-data-October-2025.csv,Victoria's-waste-and-resource-recovery-infrastructure-map-data-October-2025.csv,1,"Ecycle Solutions (Dandenong South, E-waste recycling)",facility_name,,398 418 hammond road,-38.031918,145.2019,dataset,"398-418 Hammond Road, Dandenong South, Australia","398-418 Hammond Road, Dandenong South, Victoria 3175, Australia",29,address.11210913
PhoneCycle,2/290 Blackburn Road,Doncaster East,3109,VIC,-37.78145451185061,145.16356437040713,maptiler_address,1,Victoria's-waste-and-resource-recovery-infrastructure-map-data-October-2025.csv,Victoria's-waste-and-resource-recovery-infrastructure-map-data-October-2025.csv,1,E-waste recycling,infrastructure_type,,2 290 blackburn road,-37.78143824,145.1638486,dataset,"PhoneCycle, 2/290 Blackburn Road, Doncaster East, Australia","Blackburn Road Service Road, Doncaster East, Victoria 3109, Australia",13,address.15518849
"TES-AMM (Mulgrave), E-waste recycling)",15 Glenvale Crescent,Mulgrave,3170,VIC,-37.921456,145.16036899999995,maptiler_address,1,Victoria's-waste-and-resource-recovery-infrastructure-map-data-October-2025.csv,Victoria's-waste-and-resource-recovery-infrastructure-map-data-October-2025.csv,1,"TES-AMM (Mulgrave), E-waste recycling)",facility_name,,15 glenvale crescent,-37.921469,145.160357,dataset,"15 Glenvale Crescent, Mulgrave, Australia","15 Glenvale Crescent, Mulgrave, Victoria 3170, Australia",29,address.114470
TES-AMM (Somerton),23 Fillo Drive,Somerton,3062,VIC,-37.64109796694137,144.95706838896263,maptiler_address,1,Victoria's-waste-and-resource-recovery-infrastructure-map-data-October-2025.csv,Victoria's-waste-and-resource-recovery-infrastructure-map-data-October-2025.csv,1,E-waste recycling,infrastructure_type,,23 fillo drive,-37.64239502,144.9570923,dataset,"TES-AMM (Somerton), 23 Fillo Drive, Somerton, Australia","Fillo Drive, Somerton, Victoria 3062, Australia",13,address.5744675
Advanced Resource Recycling,160 Camp Road,Broadmeadows,3047,VIC,-37.68746476517328,144.9386406353442,maptiler_address,1,Victoria's-waste-and-resource-recovery-infrastructure-map-data-October-2025.csv,Victoria's-waste-and-resource-recovery-infrastructure-map-data-October-2025.csv,1,E-waste recycling,infrastructure_type,,160 camp road,-37.6842416,144.940391,dataset,"Advanced Resource Recycling, 160 Camp Road, Broadmeadows, Australia","Camp Road, Broadmeadows, Victoria 3047, Australia",13,address.11821248
Ewastec,9 Apsley Place,Seaford,3198,VIC,-38.113628,145.14362200000005,maptiler_address,1,Victoria's-waste-and-resource-recovery-infrastructure-map-data-October-2025.csv,Victoria's-waste-and-resource-recovery-infrastructure-map-data-October-2025.csv,1,E-waste recycling,infrastructure_type,,9 apsley place,-38.113635,145.143619,dataset,"Ewastec, 9 Apsley Place, Seaford, Australia","9 Apsley Place, Seaford, Victoria 3198, Australia",29,address.2805638
Geelong Disabled People's Industries,6-8 Baxter Road,North Geelong,3215,VIC,-38.124579,144.34995500000002,maptiler_address,1,Victoria's-waste-and-resource-recovery-infrastructure-map-data-October-2025.csv,Victoria's-waste-and-resource-recovery-infrastructure-map-data-October-2025.csv,1,E-waste recycling,infrastructure_type,,6 8 baxter road,-38.124661,144.350202,dataset,"Geelong Disabled People's Industries, 6-8 Baxter Road, North Geelong, Australia","6 Baxter Road, North Geelong, Victoria 3215, Australia",13,address.6494195
Green Collect,"Unit 1, 75A Ashley Street",Braybrook,3019,VIC,-37.791545,144.86331900000005,maptiler_address,1,Victoria's-waste-and-resource-recovery-infrastructure-map-data-October-2025.csv,Victoria's-waste-and-resource-recovery-infrastructure-map-data-October-2025.csv,1,E-waste recycling,infrastructure_type,,unit 1 75a ashley street,-37.791151,144.862989,dataset,"Green Collect, Unit 1, 75A Ashley Street, Braybrook, Australia","75a Ashley Street, Braybrook, Victoria 3019, Australia",13,address.13194460
Platinum Recycling,35 Hawker Street,Airport West,3041,VIC,-37.722515,144.88811699999997,maptiler_address,1,Victoria's-waste-and-resource-recovery-infrastructure-map-data-October-2025.csv,Victoria's-waste-and-resource-recovery-infrastructure-map-data-October-2025.csv,1,E-waste recycling,infrastructure_type,,35 hawker street,-37.72265292,144.8881545,dataset,"Platinum Recycling, 35 Hawker Street, Airport West, Australia","35 Hawker Street, Airport West, Victoria 3041, Australia",29,address.5323104
Quantum Recycling Solutions,16 Sonia Street,Carrum Downs,3201,VIC,-38.096224,145.16203900000005,maptiler_address,1,Victoria's-waste-and-resource-recovery-infrastructure-map-data-October-2025.csv,Victoria's-waste-and-resource-recovery-infrastructure-map-data-October-2025.csv,1,E-waste recycling,infrastructure_type,,16 sonia street,-38.096235,145.162021,dataset,"16 Sonia Street, Carrum Downs, Australia","16 Sonia Street, Carrum Downs, Victoria 3201, Australia",29,address.10910631
SRS Metals,304/308 Mahoneys Road,Thomastown,3074,VIC,-37.69132495,144.98034,dataset,1,Victoria's-waste-and-resource-recovery-infrastructure-map-data-October-2025.csv,Victoria's-waste-and-resource-recovery-infrastructure-map-data-October-2025.csv,1,E-waste recycling,infrastructure_type,,304 308 mahoneys road,-37.69132495,144.98034,dataset,"SRS Metals, 304/308 Mahoneys Road, Thomastown, Australia","304-308 Mahoneys Road, Thomastown, Victoria 3074, Australia",,dataset_verified.304-308-mahoneys-road-thomastown
United Star Resource,494 Boundary Road,Derrimut,3026,VIC,-37.809714,144.75412800000004,maptiler_address,1,Victoria's-waste-and-resource-recovery-infrastructure-map-data-October-2025.csv,Victoria's-waste-and-resource-recovery-infrastructure-map-data-October-2025.csv,1,E-waste recycling,infrastructure_type,,494 boundary road,-37.81030202,144.7540718,dataset,"494 Boundary Road, Derrimut, Australia","494 Boundary Road, Derrimut, Victoria 3026, Australia",29,address.6233202
WDEA - Nigretta of Hamilton,4 Peck Street,Hamilton,3300,VIC,-37.72716681,142.0043304,dataset,1,Victoria's-waste-and-resource-recovery-infrastructure-map-data-October-2025.csv,Victoria's-waste-and-resource-recovery-infrastructure-map-data-October-2025.csv,1,E-waste recycling,infrastructure_type,,4 peck street,-37.72716681,142.0043304,dataset,"4 Peck Street, Hamilton, Australia","4-6 Peck Street, Hamilton, Victoria, Australia",,address.15605403
Envirostream (PF metals) (TA Livium),17/19 Maria Street,Laverton North,3026,VIC,-37.837590072186394,144.78830680913688,maptiler_address,1,Victoria's-waste-and-resource-recovery-infrastructure-map-data-October-2025.csv,Victoria's-waste-and-resource-recovery-infrastructure-map-data-October-2025.csv,1,E-waste recycling,infrastructure_type,,17 19 maria street,-37.837268,144.787851,dataset,"Envirostream (PF metals) (TA Livium), 17/19 Maria Street, Laverton North, Australia","Maria Street, Laverton North, Victoria 3026, Australia",13,address.3573087
Active Group Solutions (Ecoactive),26 Harker St,Burwood,3125,VIC,-37.85378703993855,145.10400457307696,maptiler_address,1,Victoria's-waste-and-resource-recovery-infrastructure-map-data-October-2025.csv,Victoria's-waste-and-resource-recovery-infrastructure-map-data-October-2025.csv,1,E-waste recycling,infrastructure_type,,26 harker st,-37.85386291,145.105119,dataset,"Active Group Solutions (Ecoactive), 26 Harker St, Burwood, Australia","Harker Street, Burwood, Victoria 3125, Australia",,address.14057867
Ace recycling (Dandenong),32-34 Bennet Street,Dandenong,3175,VIC,-37.987338,145.19924000000003,maptiler_address,1,Victoria's-waste-and-resource-recovery-infrastructure-map-data-October-2025.csv,Victoria's-waste-and-resource-recovery-infrastructure-map-data-October-2025.csv,1,E-waste recycling,infrastructure_type,,32 34 bennet street,-37.98722713,145.1992215,dataset,"Ace recycling (Dandenong), 32-34 Bennet Street, Dandenong, Australia","32-34 Bennet Street, Dandenong, Victoria 3175, Australia",29,address.6424034
Elecsome PV Recycling,14A Velore Rd,Kilmany,3851,VIC,-38.103446,146.92026399999997,maptiler_address,1,Victoria's-waste-and-resource-recovery-infrastructure-map-data-October-2025.csv,Victoria's-waste-and-resource-recovery-infrastructure-map-data-October-2025.csv,1,E-waste recycling,infrastructure_type,,14a velore rd,-38.102588,146.922372,dataset,"Elecsome PV Recycling, 14A Velore Rd, Kilmany, Australia","14a Velore Road, Kilmany, Victoria 3851, Australia",13,address.1296426
Ace Recycling (Williamstown),63 Albermarle Street,Williamstown,3016,VIC,-37.850617,144.858791,maptiler_address,1,Victoria's-waste-and-resource-recovery-infrastructure-map-data-October-2025.csv,Victoria's-waste-and-resource-recovery-infrastructure-map-data-October-2025.csv,1,E-waste recycling,infrastructure_type,,63 albermarle street,-37.85086052,144.8587539,dataset,"63 Albermarle Street, Williamstown, Australia","63 Albemarle Street, Williamstown North, Victoria 3016, Australia",13,address.10560062
Lotus Recycling,2/72 Northgate Drive,Thomastown,3074,VIC,-37.689740269544956,145.03562787405235,maptiler_address,1,Victoria's-waste-and-resource-recovery-infrastructure-map-data-October-2025.csv,Victoria's-waste-and-resource-recovery-infrastructure-map-data-October-2025.csv,1,E-waste recycling,infrastructure_type,,2 72 northgate drive,-37.68793718,145.0358729,dataset,"2/72 Northgate Drive, Thomastown, Australia","Northgate Drive, Thomastown, Victoria 3074, Australia",13,address.677476
